pos,002-011_occs,002-011_word,001-005_occs,001-005_word,001-001_occs,001-001_word,002-010_occs,002-010_word,002-014_occs,002-014_word,002-017_occs,002-017_word,002-013_occs,002-013_word,001-008_occs,001-008_word,002-015_occs,002-015_word,001-006_occs,001-006_word,001-002_occs,001-002_word,002-019_occs,002-019_word,002-018_occs,002-018_word,001-007_occs,001-007_word,002-020_occs,002-020_word,002-016_occs,002-016_word,001-004_occs,001-004_word,002-012_occs,002-012_word
1,104954,يعني,82048,الله,90994,الله,36256,الله,74075,ﺍن,78958,ﺍن,60852,الله,4345,ﺍي,43480,ﺍن,64226,ﺍو,36107,ﺍن,256325,ﺍن,107633,الله,145622,الله,2712,ﺍن,12501,ﺍو,168920,ﺍن,50948,قاله
2,56917,الله,73290,ﺍن,63006,ﺍن,30099,ﺍن,62777,الله,68761,ﺍي,36292,ﺍن,3209,ﺍن,41336,الله,54663,ﺍن,31164,الله,167663,الله,72881,ﺍن,68172,ﺍن,1389,الله,3700,الله,76400,الله,34896,ﺍن
3,45478,ﺍن,50192,ﺍي,37960,عل,17934,ﺍلله,32235,تعالى,61725,الله,25212,ﺍي,2372,ﺍلله,39982,تعالى,30428,الله,13968,ﺍو,121965,ﺍي,52870,ﺍي,46465,تعالى,1173,عرفة,2065,ﺍن,73631,تعالى,32694,الله
4,25968,تعالى,32372,تعالى,20786,ذكر,13062,يعني,30544,قرﺍ,53127,ﺍو,15860,ﺍلى,2062,الله,33069,ﺍي,23934,ﺍي,12142,ﺍلى,98778,ﺍلى,47761,يعني,45174,ﺍي,1063,تعالى,1216,ﺍلى,57227,ﺍنه,29655,ثاني
5,24437,ﺍي,25425,ﺍلى,20491,ﺍبو,12855,يا,25329,ﺍلى,30607,ﺍلى,14284,صلى,1098,ﺍو,32276,قاله,21644,ﺍلى,11041,ﺍي,81337,ﺍو,31716,تعالى,41023,ﺍبي,734,ﺍو,1191,تعالى,45018,ﺍلى,20971,ﺍحدهما
6,18206,ﺍلى,21767,صلى,20236,عبد,12469,ﺍلى,24472,ﺍبو,23040,ﺍلله,14224,سلم,1069,ﺍلا,23203,ﺍبو,15413,ﺍلله,9141,ﺍلا,56408,ﺍنه,30897,ﺍلى,36226,صلى,634,ﺍلا,956,سلم,29012,ﺍما,20725,ﺍنه
7,17212,قرﺍ,21599,سلم,18619,ﺍب,11923,محمد,22832,ﺍية,22919,ﺍلا,13818,ﺍخبرنا,1031,فى,22654,ﺍنه,13894,ﺍلا,8099,فﺍن,56188,ﺍلا,24342,صلى,35990,سلم,605,ﺍنه,949,صلى,28800,ﺍلا,14621,ﺍحدها
8,13581,عز,19784,ﺍلا,18130,ﺍبي,11142,ﺍلا,16997,ﺍي,18329,ﺍذا,12545,ﺍبو,921,ﺍلى,18593,قرﺍ,11404,ﺍنه,7931,ﺍذا,55660,قرﺍ,24255,سلم,29319,رسول,567,لﺍن,777,ﺍلا,27216,ﺍذا,12907,ثالث
9,13550,ﺍلا,18928,ﺍذا,18093,ﺍل,10855,يوم,16974,قول,14911,لﺍن,12143,يعني,799,ﺍلذين,18263,ﺍلى,10473,ﺍذا,6781,ﺍنه,49898,تعالى,17271,ﺍلا,27136,ﺍلى,526,ۚ,741,رسول,20841,ﺍية,12420,قول
10,13464,وجل,16079,ﺍنه,17396,ﺍهل,7756,عذاب,15227,معنى,14300,ﺍنه,11827,محمد,611,ﺍذا,16913,عباس,9561,تعالى,5805,وقرىء,46210,ﺍبو,15571,رسول,23975,عبد,498,ﺍلى,538,ﺍذا,20343,ﺍي,10501,تعالى
11,12656,ﺍلله,15501,ﺍبو,17000,يه,7118,ﺍهل,14041,ﺍنه,11439,يوم,11290,ﺍلا,584,يوم,13460,معنى,9531,قرﺍ,5622,سلم,44215,ﺍذا,15463,ﺍنه,20847,ﺍلا,450,ﺍما,526,ۚ,20291,لﺍن,10431,وجهان
12,12086,سلم,12900,عباس,16441,سلم,6564,ﺍلذين,13712,سلم,9473,فى,10130,عبد,543,علىٰ,11320,ﺍذا,9078,وقرىء,5512,صلى,42024,انتهى,14214,ﺍذا,19036,ﺍبو,446,ﺍذا,447,دنيا,20235,ﺍول,10354,ﺍلى
13,11911,صلى,12856,ﺍو,16417,صلى,6560,سلم,13580,صلى,8477,سلام,9961,ﺍلله,526,ۚ,11118,ﺍحدهما,8779,فﺍن,5424,لﺍن,39428,لﺍن,11563,يا,17271,عباس,426,ﺍنما,444,ﺍرض,18680,مسﺍلة,10346,عباس
14,11638,ﺍنه,11860,قول,14653,ﺍلا,6558,ﺍذا,12252,محمد,8476,لﺍنه,9529,رسول,503,تعالى,11074,زجاج,7315,يوم,4761,معنى,37866,معنى,11152,يوم,16512,ﺍنه,415,ۖ,428,قاله,17373,ﺍو,8863,يعني
15,11561,ﺍذا,11534,ﺍبن,14613,ﺍذا,6477,صلى,11887,ﺍلا,8306,ﺍنما,9136,قرﺍ,475,عذاب,10145,ﺍلا,6665,لﺍن,4675,تعالى,35334,زمخشري,10973,عباس,14987,ﺍذا,415,ﺍية,416,يوم,16653,سلام,8554,ثلاثة
16,9648,يوم,10322,رسول,13322,سعيد,6166,دنيا,11510,ﺍو,7979,ﺍلذين,8995,ﺍذا,440,ﺍنه,9680,قولان,6652,فى,4422,رسول,33836,ذكر,10684,ﺍية,14964,محمد,349,فﺍن,415,ۖ,14750,مراد,7466,ﺍي
17,6709,ﺍهل,10222,معنى,13102,محمد,6050,مكة,11079,عباس,7920,سلم,8405,عباس,415,سلم,9497,ﺍقوال,5759,سلم,3762,يوم,30694,عباس,9745,عز,14702,ﺍلله,334,ﺍي,364,صلاة,14730,ﺍنما,7239,قتادة
18,6603,عذاب,10140,ﺍبي,13029,قتادة,5801,نار,10951,ناس,7717,صلى,8174,تعالى,415,ۖ,9438,ﺍحدها,5659,ﺍليه,3641,يجوز,30232,قول,9645,وجل,14209,يوم,315,بﺍن,349,ﺍهل,14264,فﺍن,6980,ﺍذا
19,6175,فى,10116,نبي,12923,يا,5733,ﺍو,10404,ﺍبي,7692,تعالى,6929,يوم,408,صلى,8254,سلم,5645,صلاة,3538,ﺍلله,28997,ﺍذ,9473,ﺍو,13482,حديث,281,عطية,340,رضي,13943,ذكر,6944,ﺍنها
20,5822,ﺍو,9707,يوم,12483,ذكره,5235,جنة,10241,ﺍذا,7628,رسول,6565,ﺍبي,391,بﺍن,8224,صلى,5626,صلى,3378,قرﺍ,25334,يوم,8527,لﺍن,12237,يا,265,ﺍلله,330,حق,13267,ثاني,6839,سلم
21,5820,رسول,8922,ﺍية,12324,حمد,4492,علىٰ,9368,ﺍنما,7562,شيء,6196,ﺍهل,377,قل,7724,يوم,5428,ﺍذ,3272,ﺍليه,24619,ﺍية,8471,ﺍنما,12068,ﺍية,261,ﺍول,327,نار,13105,قول,6731,صلى
22,5805,دنيا,8873,لﺍن,12135,ﺍنه,4349,ربك,8642,ﺍمر,7256,عذاب,6156,ﺍنه,350,يا,7350,يعني,5363,لﺍنه,2963,لﺍنه,24471,سلم,7805,ﺍهل,11978,رضي,250,لﺍنه,313,نزلت,12664,ﺍلله,6539,مجاهد
23,5627,ﺍبو,8806,قرﺍ,11683,ﺍخبرنا,4299,صلاة,8607,قاضي,7169,ﺍمر,5946,ﺍنا,346,قرﺍن,7138,ﺍنها,5330,بﺍن,2948,ﺍمر,24407,صلى,7337,شيء,11433,ﺍو,250,ﺍمر,312,لﺍنه,11863,ﺍمر,6382,ﺍلا
24,5605,يا,8058,ﺍنما,11334,قول,4284,قرﺍن,8261,يوم,7022,ﺍليه,5609,يا,344,ﺍلىٰ,6954,قتيبة,5329,ﺍمر,2939,ﺍما,23158,كلام,7180,ﺍرض,9714,ﺍحمد,240,شيء,310,عذاب,11476,ﺍولى,6314,ﺍوجه
25,5483,ﺍية,7947,ﺍهل,11237,حدثن,4006,وﺍصحابه,7990,حسن,6370,معنى,5510,عز,336,دنيا,6834,ﺍبي,5321,ﺍلذين,2866,ﺍنما,23149,لﺍنه,7121,دنيا,9575,جرير,229,زمخشري,293,ناس,10687,ﺍنهم,6276,عز
26,5462,نبي,7614,يا,10811,حسن,3835,لمن,7955,جمهور,6252,ذكر,5462,وجل,329,غيره,6770,ﺍية,5204,ﺍنما,2712,بمعنى,22932,ﺍمر,7053,نبي,9227,سعيد,226,هنا,291,قرﺍن,9976,كلام,6265,وجل
27,5196,ﺍرض,7553,عبد,10726,معنى,3637,قيامة,7781,روي,6223,ﺍهل,5007,نبي,316,ﺍذ,6640,قول,4884,بمعنى,2695,رضي,22739,يجوز,6667,فﺍن,9184,نبي,210,لابن,290,لﺍن,9976,لﺍنه,5982,حسن
28,5040,سلام,7411,قاله,10475,يوم,3614,ﺍنه,7732,سلام,6208,يعني,4953,ﺍو,307,ﺍليه,6408,ﺍنما,4812,عذاب,2653,شيء,22630,ﺍما,6402,جنة,8337,يعني,180,ﺍبو,276,ﺍمر,9970,تلك,5838,رابع
29,5004,نار,7224,حديث,10027,ﺍو,3466,ﺍرض,7392,ذكر,6078,دنيا,4824,ﺍية,296,قراءة,6320,فراء,4530,فﺍنه,2651,ﺍهل,22237,ﺍبي,6369,موسى,8333,رواه,179,مراد,275,جنة,9946,سلم,5797,قولان
30,4698,روي,7177,ﺍلله,9744,عب,3412,كفار,7153,نبي,5876,نفس,4596,ﺍحمد,288,ربك,6074,مجاهد,4453,رسول,2599,يعني,21541,ﺍنما,6356,عذاب,7905,حاتم,178,علم,273,ﺍي,9689,صلى,5092,ﺍقاويل
31,4569,ﺍلذين,7106,شيء,9611,ﺍلى,3311,شيء,6979,ﺍما,5714,جمع,4565,فى,281,ﺍنا,5953,ﺍنهم,4281,معنى,2317,ناس,21084,رسول,6334,نار,7738,ﺍهل,175,بل,261,ﺍليه,9562,بل,4913,ﺍنهم
32,4548,ﺍنما,6740,حسن,9196,يزيد,3226,ﺍلىٰ,6757,بمعنى,5647,حق,4076,حسن,274,ﺍلﺍرض,5899,ثلاثة,4106,ﺍول,2288,ﺍنهم,20754,جمهور,6222,ناس,7576,عز,169,قول,261,ﺍنه,9412,معنى,4635,ويحتمل
33,4407,لﺍن,6556,ذكر,9182,رسول,3194,ﺍخرة,6721,لﺍن,5625,ﺍنهم,3938,نار,269,ﺍمر,5483,مقاتل,4043,حق,2262,ذكر,20662,شيء,6018,ﺍنهم,7534,وجل,166,دليل,254,كتاب,9266,يدل,4561,ﺍبو
34,4394,جنة,6359,سلام,8855,عمرو,3152,خلق,6482,رسول,5520,علم,3927,ﺍلذين,264,ذٰلك,5471,حسن,3813,جمع,2254,كﺍنه,19971,بمعنى,5951,قول,7402,ناس,163,ۗ,249,يا,9173,شيء,4290,يوم
35,4387,ﺍبي,6215,فﺍن,8840,بشر,3061,دين,6264,فرقة,5265,نار,3864,رضي,263,كفار,5269,عاصم,3788,علىٰ,2151,نفس,19843,عطية,5902,محمد,7315,مجاهد,157,نفس,246,ﺍخرة,9130,يوم,4157,سدي
36,4309,محمد,6199,ﺍيضا,8748,ثني,3055,بمحمد,5972,قراءة,5162,ﺍية,3711,عذاب,262,خير,5259,رسول,3781,ولذلك,2069,علم,18942,ضمير,5849,ذكر,7175,حسن,154,فعل,242,قوم,8782,وجه,4094,ﺍربعة
37,4268,ﺍمر,6056,لﺍنه,7663,حميد,3039,موت,5843,ويحتمل,5122,ﺍنا,3566,جنة,257,ءامنوا,5235,رواه,3748,ٰت,2068,يا,18839,ﺍليه,5840,ﺍمر,7165,جنة,154,ﺍنها,236,سماء,8071,دنيا,3986,رسول
38,4245,خلق,5908,تقدم,7581,تعالى,2969,ﺍنا,5770,غيره,5118,ﺍذ,3513,دنيا,257,ﺍلذى,4999,ﺍو,3595,شيء,2007,حسن,18283,حسن,5823,ﺍبي,7111,رجل,150,معنى,228,خير,8053,وجوه,3716,ﺍو
39,4195,عباس,5712,رجل,7495,ثن,2877,كفر,5524,يريد,5039,ﺍول,3290,قتادة,255,كفروا,4872,ﺍهل,3353,نفس,1919,حق,18235,قاله,5763,ﺍليه,7086,ولهذا,150,ناس,228,شيء,7916,نفس,3670,ﺍرض
40,4056,ﺍنا,5587,يجوز,7031,ﺍية,2851,موسى,5300,عبد,5032,قرﺍن,3219,مجاهد,253,مكة,4824,لﺍن,3342,ﺍبو,1899,ﺍبي,17770,هنا,5552,سبحان,6804,ﺍمام,149,سلم,228,نفس,7875,حق,3565,لﺍن
41,4011,ذكر,5572,ناس,6991,عباس,2846,مؤمنين,5267,ﺍذ,4952,جنة,3199,موسى,252,نبي,4608,شيء,3321,ضمير,1875,فعل,17383,فعل,4994,قرﺍن,6665,فى,146,نفي,212,خلق,7536,علم,3444,دنيا
42,3962,روى,5540,ﺍمر,6825,حسين,2830,قوم,5124,ﺍهل,4936,ٰت,3197,ﺍليه,251,فﺍن,4586,ذكر,3255,دنيا,1868,عذاب,16460,بل,4921,لﺍنه,6457,قتادة,144,ﺍنهم,212,محمد,7354,ثانية,3405,نبي
43,3886,قرﺍن,5533,ﺍرض,6556,مجاهد,2801,خير,5106,عمرو,4931,ﺍبو,3151,شيء,251,نار,4517,نار,3199,ﺍنهم,1816,قول,16358,جملة,4908,حق,6447,عمر,143,ﺍيمان,208,ملائكة,7192,واحد,3369,ضحاك
44,3682,موسى,5439,محمد,6555,تعال,2799,قل,5089,كلام,4912,خلق,3077,ﺍخرون,247,كنتم,4320,عمرو,3194,علم,1810,نار,16325,موضع,4682,خلق,6283,كذا,140,صلى,191,قيامة,7132,ﺍليه,3287,زيد
45,3660,اقون,5304,بمعنى,6399,ناس,2743,نفس,5088,قوم,4675,علىٰ,3041,ناس,247,ﺍهل,4171,عذاب,3155,يجوز,1803,سلام,16073,زيد,4599,قوم,6257,موسى,140,لفظ,182,فنزلت,7080,رسول,3271,لﺍنه
46,3650,ناس,5216,جنة,6380,سمعت,2688,ﺍلﺍرض,5070,ﺍيضا,4647,فﺍن,3000,واحد,237,محمد,4103,كثير,3046,بهم,1792,جنة,15884,ﺍيضا,4593,قيامة,6199,ﺍنما,139,واحد,182,واحد,6919,يجوز,3208,نار
47,3528,مقاتل,5194,يعني,6368,تﺍوي,2653,جبريل,4984,شيء,4582,ناس,2993,سعيد,232,بل,4092,قتادة,3045,بل,1763,دنيا,15721,جمع,4567,نفس,5927,دنيا,138,ﺍذ,181,يهود,6846,ﺍخر,3191,تﺍويلات
48,3477,ربك,5113,نار,6237,تﺍويل,2645,ﺍمر,4955,بفتح,4394,رضي,2951,فﺍن,232,ذكر,4071,بمعنى,3026,نار,1760,ﺍرض,15658,فﺍن,4466,ﺍنا,5799,عمرو,137,علىٰ,178,علم,6845,واعلم,3180,ﺍية
49,3441,عبد,4930,روي,6081,ﺍخرون,2644,ﺍذ,4831,موضع,4360,بمعنى,2950,قوم,232,قوم,4068,ﺍرض,3013,ﺍنا,1727,فى,15342,ﺍرض,4402,سماء,5755,فﺍن,133,كتاب,178,ﺍية,6711,ﺍهل,3146,ﺍبي
50,3414,ﺍخرة,4800,عمر,5933,يونس,2614,رب,4811,فعل,4244,خير,2914,ﺍمر,232,لقد,3987,دنيا,2940,بدل,1670,كلام,14821,عبد,4276,معنى,5710,ﺍليه,132,يا,173,دين,6494,ﺍنا,3114,شاعر
51,3404,شيء,4708,غيره,5932,زيد,2594,ملائكة,4799,قالت,4239,بﺍن,2891,قول,229,بمعنى,3910,جنة,2935,ذكر,1655,خير,14788,ناس,4177,ﺍحد,5683,ﺍلذين,131,ذكر,170,سنة,6481,بﺍن,2871,ﺍهل
52,3400,واحد,4698,ﺍول,5930,ﺍي,2549,حق,4637,كثير,4151,ﺍرض,2891,ﺍرض,226,حق,3862,يا,2858,يعني,1652,بﺍن,14760,اسم,4142,رجل,5627,ذكر,126,ﺍرض,169,ذكر,6435,خلق,2753,ناس
53,3328,معنى,4669,ﺍليه,5727,عيسى,2500,نبي,4596,يا,4142,مبتدﺍ,2850,ﺍبراهيم,213,بهم,3758,ﺍمر,2848,روي,1622,رجل,14544,ﺍول,4129,ﺍما,5509,سلام,125,ثاني,169,ﺍول,6341,ﺍيضا,2691,كلبي
54,3097,علىٰ,4593,روى,5709,سفيان,2436,لكي,4473,اختلف,4107,خبر,2843,رجل,212,ناس,3660,عبيدة,2814,ربك,1619,بهم,14378,خبر,3947,صلاة,5495,شيء,124,ﺍليه,163,ۗ,6269,عذاب,2685,جنة
55,3090,ﺍليه,4582,مالك,5706,وهب,2418,ﺍي,4411,مجاهد,4059,ﺍيمان,2729,قرﺍن,211,جنة,3585,كلام,2809,مصدر,1598,ﺍنا,14197,محذوف,3844,كتاب,5483,رحمن,122,حيان,161,موسى,5950,قرﺍن,2629,يا
56,3083,قيامة,4494,موضع,5673,موسى,2397,رسول,4380,ﺍرض,3976,ضمير,2695,مقاتل,209,خلق,3456,عامر,2791,ٰن,1587,جمع,14066,دنيا,3825,مؤمنين,5478,ﺍخر,118,غيره,158,ملك,5864,فعل,2596,حكاه
57,3063,ﺍنهم,4442,دنيا,5653,مثنى,2357,فرعون,4307,عاصم,3934,بل,2580,ﺍنما,203,جمع,3401,قرﺍن,2773,خبر,1562,ﺍية,14015,علم,3821,علم,5469,ﺍسحاق,118,كلام,155,اسم,5859,وفيه,2536,خامس
58,3062,قوم,4415,كلام,5607,جاهد,2338,ﺍول,4131,دنيا,3862,صفة,2569,ﺍنهم,201,ﺍخرة,3374,ناس,2747,فعل,1559,عباس,13537,ﺍهل,3759,فﺍذا,5462,ﺍرض,112,قوم,154,طاعة,5833,ﺍنسان,2474,عيسى
59,3037,لﺍنه,4356,ﺍما,5576,عاصم,2272,كتاب,4115,قتادة,3856,ﺍم,2507,سلام,199,شيء,3299,وقتادة,2747,ﺍهل,1542,ﺍحد,13434,غيره,3727,ﺍبو,5402,ﺍبراهيم,109,بﺍنه,153,ﺍبي,5817,ثالث,2469,وجهين
60,3016,رب,4226,مجاهد,5559,يها,2257,كنتم,4098,بل,3786,ٰب,2479,بكر,199,ﺍم,3246,مفسرون,2695,خلق,1519,روي,13071,قرﺍن,3674,خير,5401,نار,109,حق,151,عنهما,5635,ههنا,2449,سلام
61,2999,نفس,4036,نفس,5390,فﺍن,2248,بهم,4073,نفس,3784,كﺍنه,2435,لﺍن,198,منكم,3194,لﺍنه,2631,عطف,1505,واحد,12988,كتاب,3649,ملائكة,5310,بل,109,ﺍخر,148,بهم,5566,موسى,2373,سماء
62,2974,بغير,3963,قتادة,5302,ﺍرض,2243,بل,4006,بضم,3747,يا,2379,خلق,196,هٰذا,3096,جبير,2630,محذوف,1501,يريد,12937,ولما,3625,ﺍخرة,5267,قيامة,108,قل,148,عباس,5556,فى,2325,معنى
63,2937,عاصم,3960,ﺍخر,5248,رجل,2224,ربهم,4002,جمع,3736,بدل,2354,ذكر,195,ﺍنما,3069,روى,2607,لمن,1483,ضمير,12912,عذاب,3590,عبد,5238,ﺍعلم,105,خير,147,ﺍبو,5396,فﺍذا,2307,نفس
64,2929,فمن,3866,كتاب,5219,شيء,2221,ٰذا,3928,مسعود,3731,كفر,2227,علىٰ,194,ﺍرض,3047,ﺍنا,2598,عامر,1480,وجه,12655,صفة,3582,بني,5104,زيد,104,جواب,143,ﺍسلام,5364,ناس,2272,ﺍليه
65,2912,رجل,3863,فﺍذا,5195,يهم,2212,لقد,3904,نحو,3731,ﺍحد,2224,ﺍول,187,ﺍنهم,3028,بفتح,2598,قوم,1446,عبد,12474,ﺍنهم,3544,بل,4944,ﺍنا,103,عذاب,143,ﺍنبياء,5326,كونه,2246,حق
66,2885,لمن,3811,قوم,5182,ﺍما,2191,ﺍمنوا,3876,موسى,3695,قل,2201,ربك,185,لمن,2986,زيد,2588,كثير,1370,ﺍول,12227,سلام,3450,دين,4720,ﺍما,103,يوم,142,رجل,5276,لفظ,2238,عذاب
67,2880,حق,3777,قرﺍن,5120,حت,2132,ﺍم,3821,نار,3587,واحد,2198,عمر,184,مؤمنين,2973,عبد,2564,ﺍية,1301,صفة,12190,نحو,3449,ملك,4699,ﺍيضا,101,فقط,136,ماء,5238,ﺍنها,2169,قرﺍن
68,2868,قتبي,3770,موسى,5117,ﺍسحاق,2114,ﺍبراهيم,3819,هنا,3573,بهم,2188,ﺍم,183,ﺍيمان,2949,قوم,2561,اسم,1295,قولهم,12147,نفس,3391,حديث,4698,جبير,99,حكم,135,قول,5115,نار,2145,جبير
69,2768,سماء,3742,صلاة,5007,يعن,2080,ﺍلذي,3807,ﺍليه,3558,قوم,2153,نزلت,178,قيامة,2909,ﺍربعة,2550,جنة,1290,ملائكة,12064,واحد,3375,كفار,4690,ﺍمر,98,حقيقة,134,ربك,5088,قوم,2136,ﺍما
70,2763,مكة,3727,عز,4983,معمر,2041,ﺍية,3780,قرﺍن,3530,مؤمنين,2147,يوسف,178,ﺍلناس,2860,ﺍليه,2542,ٰب,1279,خلق,11791,جاء,3293,ﺍول,4546,ﺍول,97,فﺍنه,134,قتل,5082,صلاة,2128,عبد
71,2714,كلبي,3709,ﺍعلم,4898,كلام,2039,ذٰلك,3759,كتاب,3447,كلام,2146,بني,177,شىء,2856,سماء,2458,مراد,1269,ﺍم,11498,قوم,3279,فرعون,4448,ﺍحد,96,كفر,134,كفر,5021,وثانيها,2110,محمد
72,2697,فرعون,3702,ﺍذ,4893,بل,2023,ﺍبي,3716,اسم,3423,كتاب,2146,حق,177,نفس,2850,ملائكة,2397,ناس,1266,فﺍذا,11299,سبيل,3257,سنة,4306,فﺍذا,95,عبد,133,موت,4978,ﺍرض,2046,وقتادة
73,2680,قول,3682,واحد,4826,جل,1928,ذكر,3710,ﺍنهم,3419,فعل,2124,خير,171,حتىٰ,2834,فﺍما,2390,ﺍما,1247,دين,11214,قراءة,3256,شيئا,4290,صلاة,95,ﺍشد,129,غيره,4948,فﺍنه,1997,بحر
74,2677,رواية,3679,خلق,4585,قراء,1915,جهل,3706,ﺍول,3418,ربك,2123,ٰت,166,رب,2773,نبي,2389,خير,1239,نبي,11026,حذف,3217,رب,4272,مسلم,95,ﺍلذين,126,سلام,4933,سؤال,1934,ﺍخرة
75,2658,فﺍن,3667,وجل,4516,ﺍمر,1878,عبد,3699,طبري,3415,ٰن,2110,فﺍذا,164,علم,2739,مسعود,2359,قرﺍن,1232,قوم,10941,نار,3178,مكة,4263,سفيان,93,سبيل,126,عمل,4860,ﺍحدها,1930,وفيه
76,2639,ٰت,3666,رضي,4456,جميعا,1878,يهود,3621,زيد,3411,نصب,2102,قيامة,163,ۗ,2635,هاهنا,2346,ﺍم,1225,قراءة,10660,عرب,3154,ﺍراد,4196,ﺍنس,93,هل,125,فﺍن,4750,مسائل,1870,ﺍمر
77,2638,قل,3650,ﺍنا,4403,نار,1852,بلا,3619,ﺍنها,3359,دين,2101,جمع,162,شيئا,2592,رجل,2315,صفة,1207,قرﺍن,10593,مجاهد,3154,ﺍني,4168,ورواه,93,وﺍجاب,125,ﺍدم,4737,سبحان,1820,قوم
78,2622,ﺍبراهيم,3455,ﺍحد,4356,جعفر,1831,ﺍيمان,3614,ﺍخر,3342,اسم,2080,ملك,160,دين,2573,ضحاك,2277,قل,1183,صلاة,10588,مصدر,3143,بهم,4163,بكر,88,خلق,125,ﺍيمان,4726,قرﺍ,1820,قيامة
79,2562,ومعناه,3410,جمع,4289,ثناؤه,1819,سماء,3563,شاعر,3332,موضع,2070,نفس,159,ﺍلكتٰب,2517,محمد,2243,جواب,1181,كتاب,10551,حق,3040,سلام,4048,هريرة,88,فيكون,124,ﺍخر,4659,وثالثها,1819,روى
80,2562,ﺍلف,3409,فراء,4287,يعني,1816,ربه,3502,لﺍنه,3326,ملائكة,2023,سماء,157,بدل,2494,عز,2230,نبي,1160,ﺍنها,10471,ﺍنها,2992,ﺍبراهيم,4037,خلق,87,عدم,124,ﺍنا,4654,جواب,1817,يحتمل
81,2529,ﺍول,3407,مضى,4271,حارث,1784,علم,3467,عرب,3286,محذوف,2000,رب,153,سبيل,2490,ﺍول,2222,ﺍيمان,1143,سماء,10335,مفعول,2958,ﺍنسان,4031,قول,85,بوجه,124,ﺍنما,4576,ﺍبو,1779,خير
82,2512,خير,3368,ﺍم,4262,وكيع,1778,ﺍنهم,3443,كفار,3255,ﺍما,1936,عمرو,153,وﺍلذين,2486,قيامة,2204,غيره,1138,اسم,10195,ﺍخر,2945,ﺍخر,4006,علىٰ,85,ﺍمنوا,123,ﺍحد,4573,سورة,1765,مقاتل
83,2496,رضي,3346,نحاس,4223,كتاب,1746,بينهم,3433,ياء,3254,يجوز,1933,مكة,149,فرعون,2472,ومعنى,2152,ﺍلﺍرض,1138,لﺍنهم,10184,شاعر,2827,ماء,3930,سمعت,81,تلك,122,فى,4561,بقرة,1759,موسى
84,2460,ملك,3285,زيد,4205,حق,1692,كفروا,3317,جميع,3232,قيامة,1918,فرعون,148,عليم,2466,وبه,2147,ﺍلىٰ,1136,ﺍخر,10158,تقدير,2824,ﺍيمان,3856,ﺍنهم,81,دنيا,122,لﺍنهم,4555,محمد,1746,ملائكة
85,2430,ملائكة,3263,عذاب,4200,قوم,1647,ﺍلسماوات,3315,قاله,3224,لقد,1915,ﺍحد,145,ملائكة,2462,واحد,2094,عما,1131,ﺍراد,10060,يا,2802,ربك,3830,وقتادة,81,صفة,121,جمع,4509,كفار,1734,خمسة
86,2361,كفار,3245,ﺍنها,4149,رحمن,1634,ٰئك,3311,قيامة,3157,لمن,1909,ﺍسماعيل,144,ربهم,2460,موسى,2093,ﺍرض,1110,ﺍبو,9741,ﺍحد,2792,مراد,3797,خير,81,لمن,121,قريش,4503,ثالثة,1727,كتاب
87,2357,فﺍذا,3206,صحيح,4127,رب,1612,تعالى,3292,ضمير,3109,لﺍنهم,1908,ﺍراد,144,مبتدﺍ,2456,وجل,2087,قول,1104,ومعنى,9681,موسى,2789,واحد,3789,مالك,81,ﺍنا,121,لﺍنها,4468,ﺍحدهما,1723,فﺍن
88,2332,حمزة,3204,علم,4043,ورقاء,1589,منكم,3288,تﺍويل,3104,مفعول,1902,قل,144,ولٰكن,2446,حق,2066,ٰذا,1093,ﺍيمان,9604,رجل,2764,نزلت,3761,ﺍبيه,80,باعتبار,119,بني,4446,صفة,1703,خلق
89,2318,كثير,3179,ﺍنهم,3964,قرﺍ,1575,بني,3282,يحتمل,3094,فﺍذا,1883,كتاب,144,ﺍنزل,2436,عرب,2045,مؤمنين,1091,موسى,9404,لام,2749,قل,3742,شيئا,80,خلاف,118,مؤمنين,4431,عباس,1680,ﺍنما
90,2273,مؤمنين,3124,عمرو,3949,ول,1572,سلام,3273,وكذلك,3067,سبيل,1883,كلبي,142,كفر,2401,جمع,2033,نافع,1075,لمن,9363,تقدم,2712,حسن,3725,قالت,80,رسول,118,ﺍمة,4418,ﺍعلم,1660,شيء
91,2269,ﺍما,3124,ﺍولى,3912,نجيح,1561,وﺍلﺍرض,3216,حديث,3056,قول,1870,ملائكة,141,وﺍلﺍرض,2372,سعيد,2028,وفيه,1053,جملة,9349,مؤمنين,2707,موت,3694,سماء,80,زيد,116,فرعون,4364,ﺍحد,1635,عكرمة
92,2251,بني,3099,قراءة,3898,لﺍن,1534,فﺍن,3152,جنة,3034,محمد,1863,سنة,140,ربكم,2368,ﺍلف,2024,ﺍنها,1050,مؤمنين,9146,جنة,2695,جميع,3668,داود,79,باب,113,ﺍذ,4340,سبيل,1601,ذكر
93,2243,عمرو,3080,ملك,3889,قاسم,1533,ﺍليه,3144,بكسر,3026,كنتم,1848,علم,140,يشاء,2353,ياء,2022,يا,1042,ولكن,9062,خلق,2689,لمن,3664,ملك,79,ﺍبي,111,كفار,4339,ملائكة,1590,قرﺍ
94,2215,ٰن,3058,سورة,3887,كريب,1501,يقولون,3125,جهة,2993,مصدر,1798,بل,139,ﺍنى,2312,ذكره,2007,ﺍحد,1030,راى,8972,مبتدﺍ,2618,فلم,3623,رب,79,ﺍم,109,حسن,4333,جنة,1575,نزلت
95,2212,ﺍحد,3036,كذا,3880,عرب,1480,ﺍحد,3125,عذاب,2946,ﺍلىٰ,1793,تعالىٰ,137,يهود,2299,خلق,2006,ملائكة,1025,فلم,8938,قتادة,2593,ﺍدم,3600,بني,78,سلام,109,عشر,4204,اعلم,1564,ثالثا
96,2188,موت,3032,حق,3810,نب,1471,بدر,3041,بﺍن,2924,ﺍخر,1770,مؤمنين,136,بﺍلله,2283,فﺍن,1980,فرعون,1018,جعل,8930,بﺍن,2589,غيره,3590,واحد,78,سورة,108,ﺍراد,4193,كفر,1560,ﺍول
97,2173,كنتم,3021,سماء,3763,سعد,1463,ﺍلناس,3039,واحد,2909,رب,1736,شيئا,136,ﺍحد,2252,صالح,1977,حمزة,1016,ﺍلذين,8903,عمرو,2579,ﺍم,3573,حق,77,بمعنى,107,نساء,4147,كتاب,1551,يحيى
98,2149,مجاهد,3020,سنة,3723,جريج,1456,ﺍني,3030,رجل,2901,سماء,1734,لقد,134,ﺍلسمٰوات,2248,كتاب,1976,لقد,1010,وقت,8902,روي,2562,ﺍخرجه,3553,عكرمة,77,سؤال,106,علىٰ,4134,يا,1529,مسعود
99,2136,بل,2992,ماء,3681,ﺍنا,1427,ربنا,3021,ﺍنسان,2861,نبي,1724,ﺍخرة,133,قبله,2247,اسم,1959,كفر,1006,قرىء,8786,فيكون,2545,سموات,3542,صحيح,77,صلاة,105,عبد,4130,يعني,1522,ربك
100,2132,ﺍذ,2987,ﺍلف,3636,قراءة,1418,ﺍنتم,3016,لام,2825,ملك,1688,ﺍسحاق,132,يؤمنون,2245,مراد,1909,ﺍخرة,1003,نصب,8757,خير,2495,رضي,3492,سورة,77,كنتم,105,فلم,4050,ﺍلذين,1464,سعيد
101,2105,ﺍلىٰ,2978,عرب,3595,حجاج,1414,ﺍبو,2972,ﺍلف,2812,غيره,1679,ﺍما,131,ﺍنتم,2235,ﺍراد,1896,مفعول,1002,بل,8691,عائد,2495,كفر,3455,ربك,77,نبي,103,الليل,4016,بد,1404,موت
102,2093,بهم,2945,بل,3579,سل,1404,سنة,2966,علم,2807,عطف,1674,عنهما,130,خبر,2207,نفس,1886,قيامة,1001,محمد,8599,لفظ,2416,ﺍذ,3444,قرﺍن,77,يلزم,103,يوسف,4000,فهذا,1382,مﺍخوذ
103,2067,ﺍم,2908,قيامة,3561,بشار,1404,شيئا,2926,خبر,2792,ٰذا,1669,بهم,130,ﺍنفسهم,2162,لام,1878,عمرو,1000,ملك,8547,بدل,2411,جمع,3363,ﺍم,75,اسم,102,جمهور,3987,بسبب,1380,ﺍنا
104,2059,دين,2908,ﺍلذين,3554,عذاب,1402,ﺍدم,2923,بني,2771,روي,1666,قالت,130,ﺍول,2136,ربك,1869,رب,999,كفر,8515,ملائكة,2404,يهود,3338,صالح,75,ﺍهل,100,مؤمن,3982,عالم,1349,وجه
105,2042,شيئا,2853,فعل,3549,يحيى,1391,ومﺍ,2884,ﺍحد,2711,ﺍخرة,1663,لﺍنه,128,ربنا,2107,ﺍنباري,1867,كنتم,988,موضع,8511,خطاب,2389,لقد,3333,ٰت,74,ﺍلىٰ,100,مكة,3974,عبد,1326,اسم
106,1999,جبريل,2810,ملائكة,3510,معاوية,1389,نزلت,2874,عمر,2709,فرعون,1662,فلم,128,معه,2089,علم,1866,جعل,988,نحو,8447,ﺍيمان,2378,سبيل,3313,روى,74,ﺍنزل,99,بيت,3968,بمعنى,1319,علم
107,1984,كتاب,2799,وكذلك,3502,ﺍول,1384,ﺍل,2863,ﺍراد,2709,ﺍلﺍرض,1645,ﺍلف,124,فمن,2060,ماء,1860,ﺍصل,977,قيامة,8434,كفار,2378,ﺍعلم,3292,يحيى,73,سبب,99,سبيل,3943,حسن,1276,سنة
108,1969,فلم,2798,خير,3501,جنة,1383,ﺍصحاب,2855,مؤمنين,2694,منكم,1613,يريد,123,رسول,2049,مكة,1847,واحد,973,يراد,8401,ﺍم,2311,وجه,3278,سليمان,73,قرﺍن,98,ﺍنهم,3926,دين,1252,صلاة
109,1933,لقد,2746,بقرة,3491,ﺍعلى,1379,ماء,2822,حق,2688,كفروا,1606,ﺍلىٰ,121,زائدة,2048,خير,1838,ﺍخر,961,عطف,8344,جواب,2255,ﺍسرائيل,3271,ﺍني,73,مؤمنين,97,نبي,3898,ﺍنبياء,1251,ومجاهد
110,1931,علم,2728,خبر,3449,ﺍذ,1378,وﺍلذين,2814,تقدم,2671,جزاء,1582,جعفر,121,موسىٰ,2042,وحمزة,1811,موسى,955,ﺍليهم,8334,كﺍنه,2254,ﺍنها,3246,ههنا,73,يصح,96,شيطان,3891,ﺍخرة,1238,ماء
111,1931,ماء,2715,شاعر,3405,ثور,1375,ولد,2812,نزلت,2647,شيئا,1559,ﺍذ,121,يعلمون,2033,ومجاهد,1766,سلام,951,لقد,8282,بفتح,2239,روي,3227,عنهما,71,بخلاف,96,لمن,3876,ﺍيمان,1228,شجرة
112,1924,حسن,2692,ذكره,3371,عكرمة,1357,نوح,2805,لفظ,2639,ءامنوا,1554,عيسى,119,جهنم,2013,ﺍم,1751,ٰه,947,ربك,8272,ظاهر,2238,كلام,3221,عذاب,71,جمع,96,ﺍبراهيم,3769,تقدير,1226,كلام
113,1916,قتادة,2655,سعيد,3365,سماء,1352,ﺍقسم,2755,رضي,2633,موسى,1543,معنى,117,كتاب,2005,سليمان,1751,ﺍلذى,945,جاء,8211,صلاة,2211,لي,3212,كتاب,71,نار,94,ﺍليها,3739,ثلاثة,1221,اختلف
114,1913,ٰب,2645,رب,3301,ﺍحمد,1333,سبيل,2741,عامر,2618,مكة,1542,دين,117,ﺍليك,1997,ﺍخرة,1731,فيكون,927,عز,8201,ﺍخرة,2187,ﺍنبياء,3165,قوم,71,ﺍبراهيم,94,ﺍنفسهم,3739,يحصل,1215,لﺍنها
115,1907,ﺍخر,2609,قالت,3295,مهران,1322,ربكم,2666,فﺍن,2603,عمرو,1535,ٰن,116,موسى,1993,بكر,1728,كلام,926,ماء,8126,قيامة,2186,رواية,3165,ﺍخبرنا,70,فﺍذا,93,جبريل,3660,قيامة,1193,رجل
116,1872,ﺍلﺍرض,2558,نصب,3277,ﺍيها,1312,مبين,2665,وقتادة,2600,وقت,1518,روي,114,رحمة,1984,عكرمة,1719,رضي,926,وكذلك,8065,ﺍيات,2185,عمر,3142,فﺍنه,70,كفروا,92,بحر,3620,خير,1187,رواه
117,1860,ٰذا,2548,ﺍني,3241,نبي,1308,مﺍ,2599,ملائكة,2538,وفيه,1513,ماء,113,فﺍذا,1965,نزلت,1691,عنها,923,غيره,8059,ياء,2170,قالت,3136,نفس,70,وجه,91,بغير,3609,ﺍشارة,1186,عمر
118,1812,لغة,2531,بكر,3232,اختلف,1307,جهنم,2582,كله,2526,رجل,1509,ﺍدم,112,ﺍعلم,1929,سدي,1675,ﺍليهم,922,بدل,8058,عطف,2137,ﺍليهم,3126,ٰن,70,ﺍخص,91,توراة,3602,سبب,1184,بني
119,1778,عامر,2526,لمن,3219,ربك,1281,حتىٰ,2524,حكى,2522,ولكن,1472,مليحي,111,ربه,1896,ﺍذ,1639,ٰهم,921,ﺍنبياء,8039,فاعل,2124,اسم,3124,لي,69,حجة,91,نهار,3587,جميع,1171,ﺍنسان
120,1771,خبر,2505,بني,3212,وبنحو,1271,ﺍلكتاب,2511,طويل,2463,حسن,1469,عطاء,111,قلوبهم,1858,ونافع,1635,بيان,902,عنها,8010,بهم,2123,ﺍمنوا,3112,يزيد,69,دين,91,ﺍم,3584,فنقول,1141,ﺍني
121,1751,ﺍيمان,2503,لي,3189,يس,1266,رسل,2501,نصب,2460,لﺍنها,1468,جبير,110,ماء,1823,سلام,1635,ٰلمين,895,سبيل,7734,ﺍنسان,2109,جاء,3051,ﺍدم,69,سنة,91,ﺍيام,3579,جمع,1124,سادس
122,1721,بنصب,2496,ﺍبراهيم,3188,عمي,1253,ربي,2486,خير,2406,كفار,1452,كفار,109,مبين,1814,غيره,1599,دين,890,تلك,7727,حديث,2012,مشركين,3030,غيره,69,عطف,90,جن,3567,حكم,1103,دين
123,1704,نزلت,2442,مسعود,3177,ضحاك,1251,ملك,2474,ملك,2399,مكي,1448,ﺍخر,109,ﺍلدنيا,1808,كفار,1591,منكم,888,كقولك,7719,سماء,2008,ﺍصحاب,2983,لقد,67,كذا,90,كفروا,3540,حصول,1098,فراء
124,1694,فذلك,2436,مسلم,3176,يعقوب,1240,ناس,2456,كﺍنه,2370,ﺍولى,1429,صلاة,108,يعلم,1798,ملك,1589,ﺍولى,882,خبر,7514,لغة,1989,عمل,2977,بخاري,67,وكذلك,89,فﺍذا,3534,رجل,1097,ملك
125,1662,بﺍن,2430,شيئا,3168,موضع,1239,ﺍلم,2361,نافع,2356,ﺍيات,1422,رحمن,107,عما,1791,فعلى,1585,مبتدﺍ,879,بقرة,7412,يدل,1971,ولكن,2929,مسعود,67,يقتضي,89,مال,3502,ﺍبراهيم,1096,تﺍويلان
126,1656,بكر,2351,فلم,3167,خير,1224,ثواب,2341,عز,2349,ﺍلذى,1416,ضحاك,107,ﺍلحق,1788,وكذلك,1574,ﺍيات,877,ﺍنفسهم,7405,ﺍنا,1921,معه,2889,مؤمنين,66,فمن,88,ربه,3463,فكان,1077,ﺍبراهيم
127,1647,كلام,2343,علماء,3133,قرﺍن,1224,كافر,2341,وجل,2346,جملة,1410,عبدالله,107,ﺍولٰئك,1779,فﺍذا,1564,ماء,872,ﺍخرة,7366,محمد,1917,فمن,2873,طريق/طرقات,66,لﺍنهم,88,رحمة,3460,وقت,1075,واحد
128,1635,ﺍسلام,2342,يريد,3122,ير,1224,نحن,2335,ﺍنا,2342,فمن,1404,لمن,107,ﺍيها,1775,حكاه,1545,سورة,871,قولك,7316,وقتادة,1913,ﺍله,2840,بهم,66,ﺍخرة,88,شمس,3414,نبي,1062,جريج
129,1607,ﺍني,2314,ضحاك,3110,ية,1216,فﺍذا,2307,سماء,2326,حمزة,1403,ﺍلﺍرض,106,للذين,1775,كعب,1537,لقوله,871,ونحوه,7315,نصب,1902,جبريل,2831,ﺍذ,65,ربك,88,ﺍخذ,3384,فكيف,1042,الليل
130,1596,زجاج,2314,فرعون,3084,ﺍنما,1211,يعلمون,2298,ﺍخرة,2318,عباس,1393,بمعنى,106,يٰﺍيها,1766,سائب,1534,دليل,865,سورة,7279,لمن,1901,شمس,2805,ملائكة,65,ﺍعم,86,عنها,3378,صاحب,1033,قولهم
131,1596,منكم,2305,ﺍراد,3047,سدي,1207,قرﺍت,2273,خلق,2302,صلاة,1381,زيد,105,ﺍلٰه,1749,فنزلت,1534,كﺍنه,851,شيئا,7254,بني,1888,عرب,2784,ﺍلىٰ,64,تقدم,85,كتب,3372,ثبت,1032,فيهم
132,1577,ولكن,2219,اسم,3045,يان,1203,فمن,2270,تاء,2301,ولما,1371,ﺍني,104,عطف,1735,بضم,1533,سبيل,842,قتل,7224,يعني,1887,ﺍنت,2769,جاء,64,جميع,85,مسلمين,3353,يجب,1028,لﺍنهم
133,1566,فنزل,2211,ثانية,3007,مان,1200,قلوبهم,2269,صفة,2276,دليل,1329,كنتم,104,نحن,1729,حديث,1520,ٰوات,840,لﺍنها,7169,وجه,1881,هل,2746,ﺍبا,63,عليم,85,ولد,3338,اسم,1025,فرعون
134,1558,وجه,2153,عشرة,3004,نفس,1196,يومئذ,2253,ماء,2271,جواب,1327,يهود,103,ﺍلم,1729,صلاة,1515,وعد,832,فقيل,7127,فﺍذا,1872,عظيم,2732,روي,63,عموم,85,ﺍني,3333,ملك,1025,لمن
135,1545,ﺍدم,2142,ربك,3001,ﺍبيه,1182,ﺍليك,2247,مصدر,2264,ماء,1308,مدينة,103,ﺍليهم,1725,ﺍما,1503,ﺍنفسهم,827,سنة,7109,ويحتمل,1872,نعم,2699,سنة,63,ﺍحد,84,بعث,3295,ظاهر,1021,ﺍحد
136,1544,بضم,2135,رفع,2969,خبر,1180,كافرين,2175,ونحوه,2262,ﺍسلام,1287,سليمان,102,تعملون,1712,بل,1495,فﺍذا,820,ﺍبراهيم,7044,بقرة,1859,ﺍيات,2699,وجه,62,رضي,84,ﺍليهم,3256,ﺍشياء,1018,فلم
137,1522,سورة,2134,ﺍصحاب,2961,فﺍذا,1174,ﺍلسمﺍء,2152,ﺍدم,2260,ﺍنفسهم,1281,اسم,101,سنة,1712,سبق,1479,ﺍلسم,818,ﺍولى,6976,الهمزة,1856,بﺍن,2673,ﺍنها,62,شرط,83,جهنم,3242,ﺍم,1000,فﺍذا
138,1501,ﺍعلم,2126,كثير,2902,ﺍنهم,1169,عباس,2149,سورة,2247,قتل,1277,فمن,101,كذٰلك,1697,ومقاتل,1473,بكر,812,ومعناه,6930,جعل,1828,ﺍيها,2653,وهكذا,62,شيخ,82,ثلاثة,3237,غيره,997,جهنم
139,1493,اسم,2110,جاء,2853,جيح,1169,هل,2145,ومجاهد,2246,عبد,1274,موت,101,ﺍلنار,1695,يجوز,1461,لﺍنها,811,بني,6874,سورة,1826,قتل,2631,تقدم,61,واحدة,82,ﺍنسان,3234,ولما,990,تﺍويل
140,1484,جاء,2109,لغة,2800,ﺍبراهي,1166,توحيد,2124,مراد,2210,ﺍنتم,1249,فﺍنزل,99,معنى,1694,ﺍني,1453,وقت,804,ﺍسلام,6726,كفر,1824,ﺍسلام,2619,سلمة,60,عام,81,ثواب,3210,كﺍنه,982,بهم
141,1477,ٰه,2098,زجاج,2789,دنيا,1166,نزل,2115,تقديره,2193,حكم,1247,هريرة,98,اذكر,1682,عطاء,1452,كفروا,800,مبتدﺍ,6712,وتقدم,1806,هريرة,2615,قاله,60,يريد,81,عرب,3183,حصل,978,هنا
142,1474,ﺍلذى,2088,مؤمنين,2770,مة,1164,ﺍنما,2113,ﺍم,2163,ٰه,1231,مالك,98,بينهم,1682,مؤمنين,1451,ﺍشارة,795,حكم,6648,تقديره,1794,بعث,2588,عنها,59,خبر,80,بدر,3175,تفسير,959,غيره
143,1469,سنة,2086,نساء,2765,يت,1151,فبﺍي,2108,نون,2153,ﺍراد,1219,عرب,98,طريق/طرقات,1668,بني,1443,للدلالة,790,علىٰ,6646,ثاني,1787,ﺍصنام,2582,ٰب,59,شيئا,80,مشركين,3128,وصف,951,ﺍم
144,1463,ربه,2085,ﺍل,2759,حو,1136,يعلم,2100,مفسرين,2150,ٰهم,1215,كثير,98,لﺍن,1644,روي,1423,جزاء,786,مكة,6596,ملك,1785,ﺍولى,2572,ولكن,59,مالك,79,معه,3090,عظيم,946,ﺍدم
145,1462,بينهم,2069,علىٰ,2669,ملك,1130,قومه,2090,ﺍشارة,2147,بعث,1210,لي,98,ملك,1644,سورة,1412,ﺍل,780,جميعا,6530,كثير,1768,تلك,2572,ﺍنت,58,خطاب,78,سماوات,3043,رب,942,طاعة
146,1451,ثواب,2049,ﺍدم,2655,معاذ,1124,ﺍمن,2080,ﺍيات,2139,كذا,1208,ٰب,98,ﺍمة,1632,عمران,1392,ءامنوا,780,عمر,6453,شرط,1757,قومه,2541,ﺍسماعيل,58,ذٰلك,78,ﺍمنوا,3036,ٰت,930,لقد
147,1448,ﺍراد,2037,شاء,2648,ﺍحد,1120,عبادة,2067,مالك,2111,ﺍبي,1208,ﺍنت,98,ﺍية,1626,حمزة,1386,لﺍنهم,769,وصف,6433,ﺍولى,1753,يريد,2527,ترمذي,58,يجوز,77,جميع,3034,ﺍيات,920,عشر
148,1448,ﺍمة,2021,هل,2625,سف,1117,مشركين,2026,عبارة,2101,موت,1188,كفروا,97,سماء,1618,ﺍخر,1370,ويعقوب,768,ﺍل,6394,بضم,1751,كنتم,2504,ﺍسرائيل,58,يقل,77,منكم,3020,فوجب,913,ﺍراد
149,1430,يقولون,2008,موت,2607,ﺍخر,1099,لﺍهل,2015,لغة,2096,فلم,1179,ﺍنها,96,بعث,1615,تاء,1349,كتاب,748,ﺍلف,6382,وقت,1748,ﺍمة,2482,نعم,58,ﺍراد,77,نبوة,3008,علىٰ,909,رضي
150,1429,ﺍسرائيل,2007,نزلت,2582,ﺍبراهيم,1092,مال,2015,ﺍسرائيل,2095,يريد,1175,ﺍسرائيل,96,ورسوله,1602,بكسر,1344,موضع,748,ﺍيات,6377,وصف,1743,فﺍنه,2480,هل,58,ﺍكثر,77,ﺍحدهما,2990,بيان,898,صالح
151,1428,كفروا,2006,لقد,2518,ﺍم,1092,هكذا,1997,عين,2085,عظيم,1162,سفيان,95,فلم,1596,ﺍنسان,1338,سبحان,747,محذوف,6272,عمر,1739,بيت,2475,فلم,57,سماوات,76,حياة,2971,شيئا,893,رابعا
152,1426,شاء,1983,بهم,2501,صالح,1091,عظيم,1991,نظر,2080,رحمة,1155,بيت,95,لام,1562,ﺍحد,1323,شيئا,743,ﺍذ,6247,دين,1736,الليل,2461,عبيد,56,لقد,76,طعام,2966,حجة,893,ﺍنس
153,1426,ﺍخرى,1981,ﺍنس,2457,وجه,1088,موسىٰ,1976,ﺍولى,2040,جعل,1152,مسعود,94,بعده,1553,شيئا,1312,ملك,737,مسعود,6177,ومعنى,1736,لﺍنهم,2418,سدي,56,مطلق,76,قل,2962,موضع,881,شمس
154,1408,هل,1967,تعالىٰ,2446,قل,1084,وبﺍسناده,1969,كفر,2040,ﺍل,1146,ﺍيمان,94,رحيم,1537,ﺍدم,1306,ﺍني,732,موت,6167,يريد,1732,بحر,2404,قرﺍ,56,ورده,76,قلوبهم,2955,ﺍحوال,880,قريش
155,1407,صلاة,1963,فمن,2439,عمر,1075,طاعة,1958,بكر,2024,مدني,1134,جهنم,94,عظيم,1526,ذهب,1304,ﺍليها,730,عظيم,6155,ماء,1719,وقت,2398,جعفر,56,ﺍشارة,76,ﺍيات,2950,ماء,879,كعب
156,1399,عمل,1962,جبريل,2430,صال,1073,شديد,1936,جعفر,2020,ﺍليهم,1134,حمزة,94,كافرين,1519,موت,1303,ذٰلك,728,جواب,6143,عين,1718,خطاب,2392,قل,56,ﺍني,75,بكر,2937,جرم,867,عمل
157,1399,فقالوا,1941,قل,2413,جب,1073,يؤمنون,1927,فهي,2019,ٰلمين,1125,عامر,93,ثانية,1517,بهم,1294,بينهم,727,واحدة,6095,قولهم,1718,فعل,2388,ومجاهد,55,شك,75,بل,2935,فلم,858,رب
158,1396,غيره,1904,فﺍنه,2403,مؤمن,1068,ربكما,1911,يجوز,2001,ﺍنها,1120,هل,93,شديد,1512,عالية,1290,بينهما,726,عرب,6070,ﺍبراهيم,1703,مؤمن,2373,كعب,55,ظاهر,75,بينهم,2919,فائدة,857,هل
159,1388,يشاء,1901,واحدة,2379,بهم,1062,شدة,1910,لفظة,2000,وجه,1113,ﺍسلام,93,فعل,1500,بعث,1288,حكم,726,مصدر,6042,ويكون,1700,فكان,2372,رواية,55,قاضي,75,شر,2910,باب,846,بيت
160,1382,نافع,1895,هريرة,2379,ملائكة,1062,والقرﺍن,1898,ابتداء,1993,ذٰلك,1112,ﺍل,92,ربى,1491,لغة,1287,جاء,721,فلان,6025,تلك,1673,عبادة,2346,لمن,55,منكم,75,كلام,2910,باطل,844,قتل
161,1368,يعلم,1889,جبير,2363,وحدثني,1055,فلم,1892,قريش,1982,جهنم,1108,ﺍليهم,92,نزل,1486,عمر,1285,محمد,721,نعمة,6017,استفهام,1646,ثاني,2315,علم,54,ضمير,75,ﺍلف,2880,ﺍل,841,رحمن
162,1366,فعل,1881,وﺍبن,2297,حدثت,1042,ﺍبا,1891,ﺍبراهيم,1976,يقولون,1105,نعيمي,92,هل,1477,عشر,1284,فﺍنها,714,ﺍليها,6005,نبي,1643,نزل,2315,يونس,54,وجود,74,بنو,2862,مؤمنين,839,بل
163,1364,نزل,1861,ﺍنت,2296,شيئا,1033,ﺍمة,1880,ﺍيمان,1970,عنها,1098,سورة,90,بفتح,1476,ماوردي,1277,نفي,709,رحمة,6002,بكسر,1626,ربه,2308,عائشة,54,ﺍمام,74,طريق/طرقات,2842,قولهم,837,بمعنى
164,1358,جعل,1851,عنها,2269,ﺍلله,1029,رحمة,1878,وجه,1955,رفع,1085,ﺍكثر,90,مصدر,1473,وفيه,1275,خطاب,704,مفعول,5945,ومجاهد,1621,ﺍحدهما,2294,فيقول,53,موت,74,عام,2837,دلائل,837,ﺍخر
165,1346,يوسف,1838,وجه,2255,دن,1018,تكذبان,1878,ﺍمة,1937,ﺍنبياء,1078,ﺍمة,90,يقولون,1472,لقد,1275,رحمة,693,ﺍني,5939,كذا,1614,فيقول,2269,ﺍلﺍرض,53,يعلم,73,عمر,2823,فقوله,836,يهود
166,1345,ٰلمين,1824,ثاني,2250,عبيد,1015,ساعة,1861,بهم,1934,غيرهم,1073,جاء,89,قومه,1466,وعكرمة,1254,بعده,690,مكان,5911,لﺍنها,1609,يعلم,2266,ﺍنزل,52,جملة,73,لقد,2821,فرعون,833,فيكون
167,1344,ﺍل,1802,ياء,2247,جاء,1015,لوط,1849,كعب,1903,بينهم,1072,منكم,89,ﺍما,1462,نافع,1252,قولهم,689,وجل,5881,تاء,1608,يشاء,2261,نزلت,52,فائدة,73,مدينة,2811,فثبت,827,ربه
168,1343,ربهم,1794,سليمان,2201,ماء,1014,يؤمن,1836,بشر,1895,يعلم,1071,معه,88,عمل,1452,ﺍبراهيم,1246,يشاء,684,معه,5881,يصح,1602,بكر,2183,ذهب,52,فلذلك,73,ﺍولى,2794,تقدم,823,كفر
169,1331,جهنم,1783,لﺍنها,2200,يكم,1000,بﺍلله,1814,روى,1889,ﺍنزل,1071,يعقوب,88,وقالوا,1446,ﺍيضا,1238,رحيم,683,بينهم,5747,شيئا,1602,ومعنى,2155,فرعون,52,مال,72,جزاء,2792,بحث,812,ﺍذ
170,1329,جمع,1779,ﺍنبياء,2169,صلاة,1000,لي,1807,تقدير,1879,سنة,1071,ٰذا,88,وﺍنا,1434,رحمن,1235,وحمزة,683,هل,5682,نفي,1599,رسل,2130,عيسى,52,ومنهم,72,حجة,2791,سماء,804,عبيدة
171,1320,نعمة,1774,ﺍمة,2166,فﺍنه,1000,يشﺍء,1788,جملة,1878,ﺍبراهيم,1067,فيقول,88,ﺍسلام,1406,فرعون,1232,نحن,682,عنهما,5644,نزلت,1597,داود,2129,ﺍسلم,52,يعلمون,72,حرم,2787,عرف,798,جميع
172,1310,شرك,1767,جميع,2147,ﺍدم,992,ﺍنفسهم,1788,قولهم,1863,محل,1064,بعث,88,ﺍصنام,1395,هل,1228,استئناف,680,ﺍحدهما,5639,ﺍشارة,1594,قدر,2127,عظيم,51,رحمة,72,عشرة,2771,ﺍذ,797,مكة
173,1310,ٰهم,1767,كفار,2139,جمع,988,منا,1778,لﺍنها,1859,بيان,1062,جبريل,87,مفعول,1394,لمن,1226,عظيم,677,ﺍنتم,5624,جميع,1579,ترمذي,2119,تبارك,51,قتل,72,كافر,2770,قلب,783,مراد
174,1309,جميع,1767,ﺍنسان,2128,لق,986,محمدا,1758,فرعون,1857,بكر,1057,عكرمة,86,لﺍنه,1387,نون,1216,ﺍلناس,675,ﺍنسان,5605,حرف,1567,مال,2086,ﺍل,51,۞,72,نزل,2766,ﺍكثر,783,ﺍنبياء
175,1307,طريق/طرقات,1756,سبحان,2120,ينا,983,ﺍنزل,1746,عائد,1854,ربه,1052,غيره,86,يعملون,1382,فعل,1205,وﺍلﺍرض,666,فكان,5594,يهود,1559,سورة,2074,ماء,50,حتىٰ,72,ﺍسرائيل,2738,دليل,778,حكى
176,1305,نوح,1753,شمس,2109,فعل,979,يوسف,1742,سنة,1845,عنهما,1051,وقتادة,85,حديث,1380,رب,1201,لام,665,عمل,5589,حقيقة,1550,طريق/طرقات,2057,يومئذ,50,حديث,71,شرك,2733,مقصود,778,عطاء
177,1304,ﺍنزل,1753,ﺍخرة,2105,ﺍخرة,974,وجه,1742,ﺍخبر,1842,ومعنى,1045,ذهب,85,مذكور,1380,عين,1201,مضاف,665,مال,5557,يراد,1550,ﺍكثر,2049,طلحة,50,حياة,71,عليم,2720,رضي,777,جمع
178,1302,ربكم,1749,دين,2090,ﺍلف,971,ﺍلاۤء,1741,صلاة,1819,عما,1043,ٰه,85,ونزل,1374,فلم,1193,نزل,663,نساء,5547,فراء,1545,ﺍنفسهم,2039,ثوري,50,فاعل,71,يريد,2719,وجب,777,ﺍصحاب
179,1274,ياء,1738,ثلاثة,2089,قيامة,955,ول,1735,طالب,1813,لام,1034,مشركين,85,ﺍلعذاب,1373,سنة,1193,ﺍراد,660,يقولون,5523,ﺍليهم,1542,ﺍنزل,2032,بيت,50,فخر,70,حكم,2713,عمل,770,جبريل
180,1258,علينا,1704,حكى,2064,يد,951,ﺍنت,1729,جبير,1805,كتب,1029,يقولون,85,ﺍنت,1371,قدر,1184,فﺍنهم,659,لي,5510,ﺍنبياء,1537,نعمة,2017,معه,50,كتب,70,كنتم,2709,كشاف,768,يريد
181,1247,مشركين,1695,فلان,2063,منصور,946,ﺍلنار,1710,جاء,1797,قولهم,1025,بفتح,84,ﺍخر,1341,فمن,1184,قدر,656,وفيه,5476,ﺍراد,1534,ساعة,2000,مراد,50,لكن,70,ﺍمره,2694,ﺍخرى,768,ﺍليها
182,1237,نحن,1689,بيت,2057,ﺍسرائي,944,ٰكن,1703,قدر,1788,نحن,1014,وقالوا,83,ضمير,1337,جاء,1181,تلك,654,بيت,5413,راى,1523,مدينة,1993,كلام,49,ثلاثة,70,ﺍيها,2684,وجود,765,قسم
183,1228,ءامنوا,1684,بﺍن,2040,لقد,941,ﺍسلام,1700,دين,1785,ربهم,1013,قتل,83,كتب,1333,ﺍيمان,1172,عاصم,653,طريق/طرقات,5398,قبله,1519,عيسى,1985,فمن,49,رحيم,69,حرام,2664,وﺍيضا,765,مؤمنين
184,1215,بعث,1675,جهنم,2039,ﺍنت,938,علينا,1690,راء,1783,جن,1003,ﺍصحاب,83,وكانوا,1325,بغير,1167,يدل,648,لام,5391,سبعة,1518,فﺍنزل,1978,عطاء,49,مذهب,69,شاء,2656,يقتضي,764,ﺍسرائيل
185,1211,ربنا,1674,عين,2023,واحد,937,كذب,1685,علماء,1765,ﺍعلم,984,ٰئك,82,ﺍليم,1322,الليل,1165,بﺍنه,648,ٰت,5378,مذهب,1517,جهنم,1978,ٰذا,49,وﺍذ,69,نعمة,2651,كلمة,762,قل
186,1199,ﺍنت,1663,ولد,1998,منكم,934,توراة,1682,وقت,1759,معه,981,صالح,81,تعلمون,1318,نساء,1165,نعمة,647,فمن,5337,مبنيا,1517,فقالوا,1974,ضحاك,49,يستلزم,69,وجه,2645,كون,755,بﺍن
187,1196,نعم,1663,ﺍكثر,1993,يك,933,يؤمنوا,1661,كذا,1734,سورة,977,سدي,81,علينا,1315,ﺍيات,1163,جملة,647,ﺍلىٰ,5337,ﺍسلام,1509,شيطان,1967,ﺍمة,49,ﺍولى,68,بمعنى,2639,فيكون,747,قولين
188,1195,كفر,1661,ﺍسحاق,1982,مشركين,932,حقا,1653,خطاب,1728,ولد,977,ﺍلذى,80,توراة,1314,جبريل,1152,ظرف,643,شيطان,5335,ربك,1506,منكم,1964,جهنم,48,صحيح,68,سوء,2636,لﺍجل,743,سموات
189,1194,ﺍلم,1659,مال,1956,ربه,931,عليم,1627,زجاج,1728,ﺍنت,975,سبيل,80,للناس,1300,جمهور,1151,ﺍبي,642,فكيف,5327,حكم,1503,ولد,1963,جميع,47,بهم,68,عظيم,2631,بﺍنه,741,عنها
190,1190,ﺍنتم,1655,ذهب,1948,ﺍصحاب,926,بغير,1601,لمن,1725,حديث,974,ٰهم,80,لن,1259,بقرة,1149,ثاني,632,رب,5314,مراد,1501,رحمة,1962,ربه,47,رب,68,قومه,2621,ثواب,737,خطاب
191,1189,ﺍنك,1635,يوسف,1914,ﺍنسان,925,ﺍخر,1579,مصحف,1721,ﺍلسم,971,ﺍنبياء,80,موت,1244,فيكون,1147,ظاهر,628,جبريل,5310,قل,1500,يوسف,1960,ﺍلف,47,فليس,68,نور,2621,جعل,737,نساء
192,1176,يهود,1625,يدل,1907,يومئذ,924,ﺍعلم,1573,بيت,1703,نزل,970,يومئذ,79,جميعا,1226,شاء,1146,وجه,626,بناء,5266,رفع,1497,علماء,1944,حميد,47,مجاز,68,ﺍكثر,2616,ﺍبي,734,بعث
193,1174,مسعود,1618,حكم,1903,ﺍبا,911,غيره,1570,ميم,1701,يهود,965,ومقاتل,79,صلاة,1226,لي,1139,وحفص,622,نزلت,5236,ﺍقوال,1493,وفيه,1930,غريب,47,معتزلة,68,ﺍليك,2602,ففيه,730,ويكون
194,1171,مال,1597,عبيد,1902,ﺍنها,911,ﺍلدنيا,1560,عيسى,1688,ﺍلف,961,نساء,79,قليلا,1223,شمس,1136,يعلم,622,يعلم,5214,ذهب,1484,ﺍيضا,1928,وﺍنا,47,نهي,68,ﺍنزل,2595,ذكره,726,ﺍليهم
195,1170,توحيد,1594,فﺍما,1899,داود,898,قول,1546,ربك,1669,ربنا,958,فقالوا,79,منا,1215,ثاني,1134,بني,620,كتب,5214,ﺍلف,1478,كافر,1916,ﺍليهم,47,ﺍريد,67,جعل,2505,ﺍصل,719,لي
196,1169,ضحاك,1584,الليل,1842,نزلت,882,منافقين,1545,جماعة,1662,جميعا,955,كعب,78,استفهام,1211,يقولون,1134,سماء,619,حديث,5153,خلاف,1467,عما,1911,كنتم,46,دعاء,67,شيئا,2495,يريد,717,جهل
197,1165,ﺍليهم,1579,مصدر,1830,ﺍسب,881,ﺍسرائيل,1534,رفع,1651,مراد,955,نعم,78,قسم,1201,دين,1131,ﺍنتم,617,ﺍمره,5150,ﺍخبار,1464,بمعنى,1905,بصري,46,سماء,67,عبر,2488,ربك,717,عرب
198,1158,يومئذ,1568,بفتح,1826,اسم,875,ﺍوثان,1529,فﺍذا,1647,جاء,954,عمل,78,ﺍنك,1200,كافر,1129,مبالغة,616,روى,5149,قبلها,1459,جعل,1905,عوفي,46,قبلها,67,يعلمون,2470,بهم,717,ﺍيمان
199,1156,لفظ,1562,صالح,1825,شعبة,874,بساتين,1528,فتح,1646,نوح,950,جن,77,بغير,1185,يريد,1129,ﺍنبياء,616,قل,5147,ﺍل,1449,ﺍليك,1905,منكم,46,ﺍيضا,67,يعني,2461,وجهين,714,شيطان
200,1151,تلك,1560,بحر,1825,عطاء,873,ﺍلحق,1512,ولكن,1638,شامي,948,يعلم,77,قتل,1179,سبب,1128,ممن,616,كذا,5142,تفسير,1440,ربنا,1902,ٰه,45,بينهما,66,بﺍن,2456,ٰن,699,نعمة
