names.freq.,freq
3a5d,23
3a5da,1
3a5l,13
3a5lt,2
3a5w,1
3ab,4
3abd,1
3ad,20
3adat,1
3adl,10
3ady,1
3afyt,1
3ajl,4
3ajz,1
3al,19
3alj,1
3alm,294
3alm",,5
3almy,2
3almya,15
3alq,1
3alya,1
3aml,28
3amla,1
3and,1
3ar,1
3ard,3
3arda,2
3asf,4
3asm,31
"3asm,1
3asmt,5
3atf,1
3atf",,1
3atq,2
3aur,1
3aw,1
3awd,1
3awq,1
3awr,8
3ayw,1
3azm,1
3azma,1
3b5a,1
3bar,5
3bas,4
3bd,101
3bdal3zyz,21
3bdal7myd,1
3bdalbast,1
3bdalkrym,4
3bdall,52
3bdalltyf,3
3bdalmjyd,1
3bdalqadr,1
3bdalr7mn,8
3bdalslam,1
3bdw,2
3br,30
3brn,1
3brt,2
3brwa,1
3bw,1
3bwd,9
3bwr,3
3byd,7
3da,2
3dal,3
3dda,7
3ddhm,3
3dl,10
3dn,3
3dt,2
3dw,38
3dwa,3
3dwl,1
3dyd,46
3fa,1
3fyf,8
3hd,57
3ir,1
3jl,8
3jz,18
3jza,3
3ks,1
3kst,1
3la,35
3laj,5
3lajya,1
3lam,8
3laq,73
3laq",,1
3laqat,1
3laqatna,1
3laqt,2
3lm,19
"3lm,1
3lma,4
3lmt,1
"3lmt,1
3lmya,2
3ln,2
3lwm,16
3lya,9
3lyhm,1
3ma,2
3ma5r,1
3mad,7
3mal,8
3malq,1
3man,7
3mar,3
3md,1
3mdt,1
3ml,197
3ml",,1
3mla,25
3mla5,6
3mla5na,3
3mlaq,6
3mlat,2
3mlhm,1
3mlt,3
3mly,27
3mlyat,3
3mlyatna,1
3mq,2
3mr,41
3mran,14
3mwd,1
3mwl,1
3mwm,15
3mwma,4
3mwmyt,1
3myd,6
3myl,3
3myl",,1
3myq,3
3myr,1
3na,2
3nab,81
3nasr,14
3nd,2
3nda,1
3ndk,1
3ndma,2
3nf,5
3nkbwt,5
3nsr,2
3nsra,1
3nw,5
3nwan,1
3nwana,1
3nyd,1
3nyf,1
3qar,179
3qara,2
3qary,8
3qb,40
3qbt,1
3qd,63
"3qd,1
3qdt,9
"3qdt,3
3ql,3
3qlan,2
3qly,1
3qr,1
3qwb,7
3qwd,10
3qwda,1
3qwdhm,1
3qwl,1
3qyd,2
3qyl,2
3ra,1
3raq,24
3raqy,1
3raqyl,2
3rb,243
3rb",,4
3rba,1
3rbaw,4
3rbya,2
3rbyt,1
3rd,32
3rda,6
3rdt,1
3rf,4
3rfan,1
3rft,1
3rjaw,1
3rqlt,1
3rs,1
3rwd,5
3rwda,1
3rym,1
3ryq,1
3sam,1
3sas,2
3skr,10
3sr,5
3syb,1
3syr,1
3syra,1
3ta,3
3ta5,1
3tl,1
3trys,1
3twr,1
3tyf,2
3tyq,2
3um,8
3wa,2
3wa5d,3
3wa5q,1
3waml,8
3waq,2
3wasm,1
"3wasm,6
3watf,1
3wb,1
3wd,21
3wd",,1
3wda,2
3wdt,3
3wna,1
3wqhm,1
3wwa5,3
3wywq,5
3yal,3
3yar,1
3yd,11
3ydh,1
3yn,11
3ysa,5
3yw,2
3za,1
3zam,1
3zf,1
3zym,3
3zyz,18
3zz,3
7a5z,2
7a5za,1
7ad,11
7adr,6
7adu,2
7afl,6
7afla,1
7afz,4
7afzt,2
7aj,19
7ajt,2
7ajz,4
7akm,4
7al,91
7al",,1
7alat,3
7alt,1
7aly,2
7am,1
7amd,6
7aml,4
7an,2
7ar,1
7ars,13
7aru,1
7as,1
7asb,2
7asl,4
7asm,2
7aswb,1
7atm,4
7awl,6
7azt,2
7bhm,1
7byb,2
7da5q,2
7dar,5
7db,1
7dd,5
7ddt,3
7dr,102
"7dr,1
7dral7fl,1
7drt,4
7drwa,1
7dt,2
7du,21
7dua,2
7dwd,6
7dwd",,1
7dwr,13
7dwra,2
7dwu,6
7dyd,23
7dyu,26
7dyua,1
7dyuna,1
7faw,1
7faz,15
7fl,27
7fyz,1
7fz,3
7fzhm,1
7fzhma,1
7fzt,1
7ia,5
7ir,7
7jm,41
7jr,6
7jwz,1
7jwzathm,1
7jz,2
"7jz,1
7kam,4
7km,13
7kma,1
7kwm,61
7kwmt,1
7kym,8
7l",,1
7lb,9
7lf,2
7ll,1
7lm,3
7lq,5
7lt,6
7lwl,13
7lyb,1
7lyfa,1
7ma,16
7mas,12
7mayt,3
7md,204
7ml,7
7mla,1
7mlt,3
7mlwa,1
7mwd,1
7mwl,2
7mwlt,1
7myd,5
7myda,1
7mz,2
7nk,1
7nyf,1
7qa,1
7qa5q,1
7ql,6
7qn,1
7qq,23
"7qq,2
7qqna,2
7qqt,26
"7qqt,2
7qqwa,1
7qwl,1
7qwq,9
7qwqhm,1
7qyq,21
7ra5q,1
7rak,1
7raka,2
7ram,2
7rar,4
7ras,1
7rb,5
7rf,1
7rja,1
7rk,10
7rkt,1
7rm,11
7rm",,1
7rs,19
"7rs,1
7rsa,3
7rshma,1
7rsna,1
7rwf,3
7ry,1
7ryq,1
7rys,2
7ryt,3
7sab,21
7sabathm,2
7sad,8
7sam,1
7sasy,1
7sawn,1
7sb,17
7sbma,3
7sd,5
"7sd,1
7sdt,3
7sl,7
"7slt,1
7sm,4
7sn,41
7sr,4
7ss,2
7st,2
7swl,30
7swm,1
7syl,2
7ta,7
7tm,2
7tt,1
7uhm,1
7uyu,3
7wadu,21
7wafz,2
7wal,15
7war,18
7wd,2
7wkm,2
7wl,13
7wlhm,1
7wlt,1
7wr,2
7wsb,1
7ya,12
7yal,1
7yd,3
7ydr,1
7yl,7
7ynma,2
7yw,7
7ywya,1
7zb,1
7zr,2
7zw,1
7zwz,5
7zyna,1
a3ar,5
a3b,13
a3ba,3
a3d,4
a3da,31
a3dad,23
a3dad",,1
a3dadhm,2
a3dt,1
a3fa,2
a3fa5hma,1
a3faohm,1
a3jab,1
a3jaz,1
a3l,24
a3la,44
a3laf,2
a3lam,23
a3lam",,1
a3lamy,2
a3lan,1
a3lan",,1
a3lm,1
a3ln,29
"a3ln,6
a3lnwa,1
a3mal,140
a3malna,1
a3mar,3
a3md,1
a3qab,6
a3rad,1
a3rb,22
a3rbt,2
a3sar,3
a3ta,6
a3tadt,1
a3tal,1
a3tbar,5
a3tbara,7
a3tbr,7
a3tda,1
a3tiar,2
a3tir,2
a3tla,1
"a3tla,1
a3tmad,25
a3tmada,1
a3tmdt,2
a3tnaq,1
a3traf,1
a3trf,1
a3tt,1
a3twa,1
a3tzal,1
a3tzaz,3
a3wam,8
a3y,1
a3ya,1
a3yad,1
a3yd,1
a3yr,1
a5tlaf,1
a5tm,2
a5tman,2
a7adyu,1
a7afz,1
a7atthm,1
a7b,1
a7da,24
a7da",,1
a7dau,6
a7daua,1
a7dauyat,1
a7dhm,1
a7du,7
a7dut,1
a7fwr,1
a7jam,6
a7kam,5
a7lam,4
a7md,69
a7mr,4
a7q,1
a7raj,1
a7rz,3
a7rzt,1
a7s,2
a7sa,4
a7sa5,1
a7sa5y,2
a7sas,1
a7tbas,1
a7td,1
a7tfal,11
a7tfaz,1
a7tfl,1
a7tflt,3
a7tj,1
a7tjaj,4
a7tkak,2
a7tkar,1
a7tl,3
a7tlal,2
a7tlt,2
a7tmal,8
a7traf,2
a7tram,5
a7trama,1
a7traq,1
a7trm,1
a7tsab,1
a7tsb,1
a7twa,1
a7tyaj,18
a7tyajat,1
a7tyajathm,5
a7tyat,7
a7tyaty,5
a7tyatyat,1
a7wal,2
a7ya,4
a7yana,4
aalbakr,1
aass,1
ab3ad,6
ab3d,1
ab3dt,1
ab7au,5
abda,13
abda3,2
abdt,3
abkr,1
ablag,2
ablg,2
ablgt,4
ablgwn,2
abn,3
abna,4
abna5,2
abna5hm,1
abna5na,2
abqa,6
abrahym,19
abraj,3
abram,3
abraz,3
abrmt,1
"abrmt,1
abrst,1
abryl,14
abrz,11
abrzhm,1
abt3ad,1
abt3au,2
abta,1
abtal,22
abtalna,1
abtda",,1
abtda5,4
abtkar,11
abtkara,1
abw,14
abwab,3
abwmazn,1
abwzb,4
abyd,1
abydws,1
abyk,1
ad3a,3
ad3af,3
ad7,21
ad7a,2
ada,45
ada3,4
ada5hm,3
ada5na,1
adafy,1
adan,1
adant,1
adar,188
adar",,1
adarat,1
adart,2
adart",,1
adarya,1
adb,2
adbya,1
adfa,1
adfans,2
adkal,1
adkar,1
adkl,1
adkm,2
adl,2
adlb,1
admnd,2
adna,9
adra,1
adraj,4
adrak,1
adrar,3
adrjt,1
adrk,1
adrn,1
adrys,2
adt,6
adtr,2
adtrab,4
adw,6
adward,1
adwarna,1
af3al,3
afa,5
afad,7
afadt,1
afaq,5
afaqa,1
afdl,47
afdl",,1
afganst,1
afkar,9
aflam,1
aflas,1
afnd,7
afq,2
afqd,1
afqdt,1
afqrhm,1
afqt,1
afqwa,1
afr,1
afr3,1
afrad,22
afraj,1
afranw,4
afryq,6
afryqya,21
aftt7,3
"aftt7,2
aftta7,41
aftta7yt,2
afwnsw,2
afwrq,3
agau,8
agi,3
agla,4
aglaq,13
aglaqhma,2
aglb,8
aglf,1
aglq,5
aglqt,1
agna,1
agsts,9
agtnam,1
agwstw,1
ahal,1
ahan,1
ahdaf,39
ahdafa,2
ahdafhm,2
ahdar,1
ahdar",,1
ahdr,2
ahl,23
ahm,49
ahma,1
ahmyt,2
ahtm,3
ahtmam,29
ahtmama,3
ahtmamathm,1
ahtmamhma,1
ahtmt,1
aia,1
air3,2
airbyj,1
aiwn,2
aiy3,1
aj3l,1
aj5,1
ajad,1
ajanb,3
ajaz,8
ajba,1
ajbar,1
ajbarya,1
ajbat,1
ajdad,1
ajh,5
ajhad,1
ajht,3
ajhthm,1
ajhz,2
ajm3,3
ajma3,2
ajmal,76
ajmala,1
ajn7,1
ajnab,1
ajnb,11
ajnd,1
ajr,1
ajra,37
ajra5,1
ajra5ya,2
ajraat,3
ajrahma,1
ajram,1
ajrao,1
ajrt,2
ajryt,3
ajtaz,3
ajtiab,3
ajtm3,3
ajtm3wa,1
ajtma3,68
ajtma3a,4
ajtma3at,1
ajtma3athm,1
ajtma3hma,1
ajtyaz,2
ajwa,13
ajwr,3
ajyal,4
ajza,3
akadym,5
akadymy,1
akal,1
akaq,1
akbar,3
akbr,73
akbr3dd,1
akbrmn,1
akdn,1
akdna,2
akdr,5
akdt,26
"akdt,3
akdwa,4
akfaq,1
aki,8
akina,1
akit,4
aklaqy,1
aklyl,1
akmad,1
akmal,6
akml,6
akmlt,2
akn,1
akr,63
akr",,1
akraj,2
akrm,4
akrndd,1
aks,7
akta,5
aktar,1
aktarhm,1
aktarwa,1
aktbar,5
aktbara,2
aktfa,3
"aktfa,1
aktlaf,1
aktlal,1
aktmal,7
aktmlt,1
aktr,3
aktrhm,1
akts,1
aktsab,2
aktsas,2
aktsasat,1
aktsb,1
aktt,1
akttab,6
akttam,1
"akttm,2
akttmt,2
aktwaf,3
aktwbr,20
aktyar,15
aktyarat,1
aktyarhm,1
aktzal,1
akur,12
akw,16
akwan,2
akwana,1
akwanna,1
akwd,1
akyd,1
akyra,10
akyrt,4
al3ab,8
ala,12
alaf,1
alk,1
alktrwn,8
alktrwny,1
allh,82
allh",,1
alman,14
almwnywm,1
alqab,1
alt7aq,3
altqa,1
altzam,8
aly,2
alzam,1
ama,1
amakn,3
amal,10
amam,8
amamhm,1
aman,4
amana,3
amanbwr,1
amar,45
amara,4
amarat,21
amaraty,1
amart,1
amd,3
amdad,5
amjad,1
amk,1
amkan,16
amkanat,4
amkanyat,1
aml,8
amla,1
amlak,1
amn,29
amna,6
amnya,1
amnyathm,1
amnyt,1
amr,44
amra,2
amrad,1
amryk,1
amstrdam,1
amt,1
amtar,1
amtdad,1
amtdada,1
amtdt,2
amtl,1
amtla,1
amtlak,2
amtn3,1
amtsas,2
amtyaz,1
amtyaza,1
amual,1
amul,6
amwaj,1
amwal,5
amwalhm,1
amwr,19
amwra,1
amykw,1
amyna,1
amyr,197
amyr",,1
amyra,2
amyral,1
amyrk,65
amyrka,9
amyrky,2
amyrkya,2
amyrya,1
an3dmt,1
an3kas,2
an3kasat,2
an3ks,1
an3kst,1
an3qad,7
an3qd,2
an3qdt,1
an7a,12
ana,2
anab,6
anabyb,3
anar,1
anau,1
anb3au,4
anba,1
and,49
andf3,1
andfa3,5
andhaw,1
andla3,1
andm,6
andmaj,12
andmam,11
andmwa,1
andr,1
andrw,1
andrwyd,1
andrya,1
andwnsya,1
andwnys,4
andwnysya,5
anf3al,3
anfaq,17
anfaq",,1
anfkt,1
anfraj,1
anfrd,1
anfshm,3
anfsna,1
anfta7,3
anglaq,1
anha,1
anht,2
anhwa,1
anhyar,2
anhzamy,1
aniak,1
aniara,1
anj7,3
anjal,2
anjaz,76
anjaza,9
anjazat,1
anjib,2
anjltra,3
anjlyna,1
anjlyz,9
anjlyzy,1
ankfad,15
ankfada,3
ankfd,4
ankfdt,8
ankl,1
ankmaw,2
ankmawa,1
ankrat,1
ankrathm,1
ankrt,1
ankrtt,1
ankyl,1
anma,6
anma5,5
ann,3
anqai,5
anqlbt,1
anqr,1
anqsam,1
anqta3,1
anrj,13
ans,11
ans7,2
ans7ab,1
ansaf,1
ansan,12
ansanya,2
ansar,4
ansdad,2
ant,19
ant3aw,11
ant3awa,4
antaj,71
antaryw,1
antfa3,1
antfad,2
antha,5
anthak,2
anthj,1
anthjt,1
antht,8
"antht,1
antkab,10
antkas,2
antkb,1
antlaq,12
antlaqa,6
antlaqt",,1
antlqt,2
antqa,1
antqad,2
antqal,27
antqala,1
antqam,1
antqao,1
antqd,1
antql,1
"antql,1
antqlt,1
antr,3
antr",,1
antrkwntnntal,1
antrnt,3
antsar,3
antsarat,1
antsarathm,1
antwar,3
antwarna,2
antz3t,1
antzam,3
antzar,2
antzm,2
antzrwa,1
anw5t,2
anwa,31
anwa",,1
anwa3,5
anwa5,2
anwal,1
anwao,2
anwgl,2
anwr,2
anwt,12
anwtt,3
anya,1
anyab,1
anytt,1
anz,2
anz3aj,1
anzar,5
anzarhm,1
anzlqt,1
anzm,9
anzmt,2
anzr,1
aokd,2
aomn,2
aq3,5
aq3ya,1
aqalt,2
aqam,23
aqamt,6
"aqamt,1
aqbal,3
aqbala,2
aqdm,2
aqfal,2
aql,3
aql3t,1
aqla3,4
aqlqt,1
aqlym,30
aqlym",,1
aqlymy,1
aqlymya,4
aqmar,1
aqna3,2
aqrad,4
aqrar,2
aqrat,1
aqrb,8
aqrt,3
aqsa,5
aqsam,5
aqsd,1
aqtnas,1
aqtr7,2
aqtra7,1
aqtrab,1
aqtrad,2
"aqtrb,1
aqtrbt,1
aqtsad,216
aqtsad",1
aqtsad",,2
aqtsada,4
aqtsady,7
aqtsadya,3
aqwa,3
aqwya,1
aqym,9
aqymt,5
ar7l,2
ara,3
ara7,1
arabtk,1
arad,31
arahm,1
araqb,1
arb3a,10
arba7,34
arba7a,5
arbab,1
arbyl,1
ard,31
ardhm",,1
ardn,11
ardt,1
ardwg,2
arf,2
arhaq,1
arj3,1
arj7,2
arja,2
arjnt,8
arjntyn,5
ark,1
arks,1
arnr,1
arqa,1
arqam,6
arsa,2
arsad,3
arsal,2
arsd,3
arsdt,1
arsdthm,1
arsnal,2
artaya,1
artbak,1
artbat,4
artdad,1
artf3,35
"artf3,1
artf3t,22
"artf3t,2
artfa3,41
artfa3a,18
artkaz,1
artkb,2
artqa,6
artsm,1
artya7,1
arwad,3
arwq,1
arwqt,1
arwyf,1
aryd,1
aryj,2
arys,1
arytrya,3
as3,5
as3a,2
as3ar,66
as3ar",,2
as3ara,1
as3b,4
as3d,1
as5l,2
as7,1
as7ab,42
asa,4
asab,20
asab3,1
asabt,5
asaby3,12
asalyb,1
asam,6
asas,47
asasy,1
asasya,2
asayl,1
asb7,12
asb7na,1
asb7t,26
asbab,6
asban,15
asban",,1
asbanya,1
asbayr,4
asbw3,71
asbw3ya,1
asbytar,2
asd,6
asd",,1
asda,1
asdal,1
asdar,8
asdq,2
asdqa,4
asdr,10
asdrt,8
asf,4
asfa,2
asfh,3
asfl,1
asfnj,1
asfr,5
asfr",,1
asfrt,1
asga,1
asgr,2
asgr",,1
asham,2
ashm,47
ashma,1
ashmt,2
ask,17
askan,4
askndr,1
asktlnd,1
asl,14
"asl,2
asl7,3
asla,1
asla7,7
aslak,1
aslam,123
aslam",,1
aslamy,2
aslwb,5
aslyt,1
asm,10
asma,5
asma3yl,6
asma5,1
asma5hm,1
asmak,2
asmd,2
asmk,1
asmnt,4
asmwhm,1
asnad,3
asnaf,2
asr,19
asr3,9
asra3,2
asra5yl,8
asrar,3
asrt,5
ass,5
ast3ad,8
ast3an,2
ast3ar,1
ast3d,1
ast3dad,19
ast3dada,18
ast3dadat,1
ast3mal,1
ast3rad,28
ast3rd,2
ast3rdt,2
ast5jar,4
ast5naf,1
ast7dau,1
ast7q,1
ast7qaq,6
ast7wai,14
ast7wai",,1
ast7wi,3
ast7wit,3
astad,18
astai,3
astain,1
astanf,1
astanft,1
astb3ad,4
"astb3d,1
astbqt,1
astbyan,1
astd3a,4
astdaf,9
"astdaf,1
astdaft,2
"astdaft,1
astdam,3
astdam",,1
astdmt,1
astdrk,1
astfad,19
astfadt,3
astfdna,1
astfta,4
astgl,1
astglal,9
astglt,1
astgna,1
astgrab,1
astgrb,1
astgrq,1
astgrqt,4
asthdf,2
"asthdf,1
asthjan,1
asthlak,20
asthtar,1
astjab,6
astjabthm,2
astjabwa,1
astkdam,13
astkdama,1
astkdamat,1
astkdm,1
astkdmna,1
astkdmt,2
astkmal,6
astkmala,1
astkraj,2
astkwaf,3
astlzm,1
astm3,2
astm3a,2
astma3,2
astmdt,1
astmr,2
astmrar,13
astmrara,1
astmrt,2
astmta3,2
astnada,3
astnbat,1
astnkr,1
astqal,6
astqalathm,1
astqalt,3
astqbal,17
astqbalhm,1
astqbl,22
astqblt,1
astqdam,3
astqlal,13
astqlt,1
astqr,3
astqrar,14
astqrara,1
astqtab,3
astralya,1
astralya",,1
astratjyt,1
astratyj,33
astratyjy,5
astratyjya,2
astratyjyt,3
astratyjytna,1
astrdad,3
astrja3,2
astrwad,1
astta3,3
astta3t,4
"astta3t,1
astta3wa,1
asttl3t,1
asttla3,2
astumar,181
astumar",,1
astumara,1
astumarat,2
astumarathm,4
astumarna,2
astumarya,3
astumrt,2
astuna,3
astuna5,8
astuna5ya,1
astwan,4
astwar,5
astwary,2
astwfa,1
astwl,4
astwr,1
asty3ab,2
asty3abhm,1
astya,2
astyrad,2
astyt,1
astywn,1
asuna5,1
asw,1
aswa,3
aswaq,51
aswata,1
aswd,2
aswl,26
aswla,1
asya,37
asya",,2
asyas,3
asyb,1
"asyb,1
asybt,1
asyl,20
asyl",,1
asyw,37
asyw",,4
asywa,1
asywya,1
at7ad,82
at7adya,1
at7d,1
ata,1
ata7,3
ata7t,2
atb3t,1
atba3,6
atfal,13
atfaq,34
atfaqy,7
atfq,3
atfqa,1
atfqwa,1
atja,7
atjah,4
atjar,1
atjht,3
atkai,9
atki,5
atkina,1
atkit,2
atl3,3
atl3wa,1
atla3,5
atlaq,15
atlaq",,1
atlnt,4
atlnt",,1
atlq,4
"atlq,1
atlqt,5
"atlqt,1
atls,2
atlytkw,1
atm,2
atm5n,2
atmam,5
atmna,3
atnana,2
atqdm,3
atraf,6
ats,1
atsa3,1
atsal,33
atsala,9
atsalat,1
atsl,2
atsm,1
atsmt,1
atw,5
atwl,1
atwr,18
atwyfmnt,3
aty7wa,1
auar,19
auar",,1
auart,2
aub,1
aubt,3
aubtt,2
aum",,1
aumr,1
aun,12
auna,8
aunt,2
auq,2
aurt,6
auyna,3
"auyna,1
auyr,1
aw3,1
aw3a3,2
awa3,1
awa5l,2
awad,8
"awad,1
awadt,1
awadwa,2
awakr,3
awar,70
"awar,2
awart,11
awarwa,3
awasr,2
awb,3
awbama,6
awbk,4
awbyk,2
awd,4
awd7t,12
awda3,22
awda3hm,1
awgal,6
awglw,3
awhr,24
awj,3
awjar,3
awjd,1
awjz,1
awkal,2
awkas,3
awkranya,1
awla,5
awlad,1
awlfyra,1
awlmb,26
awlmbyad,2
awluan,1
awlw,5
awlwy,2
awlwyat,1
awlwyatna,1
awlya,3
awlyf,3
awlyfyra",,1
awlymb,3
awns,1
awntaryw,3
awntn,4
"awntn,4
awntn",,1
awq,4
awq3t,1
awqa,12
awqaf,6
awqf,1
awraf,11
awraq,9
awraskwm,1
awrasya,1
awrb,3
awrd,2
awrf,2
awrgwyan,1
awrk,3
awrkstra,1
awrna,1
awrwb,22
awrwba,9
awrwby,1
awrwgwyan,1
awsa,3
awsat,2
awsl,1
awst,40
awswlyf,2
awt3al,1
awtbak,1
awtml,3
awtrahm,1
awtrak,2
awtrt,1
awwat,16
awya,1
awyr,1
awzbk,6
awzbkst,3
awzbwrn,1
aya,1
ayab,4
ayad,1
ayahm,2
ayaks,1
ayd,4
ayda,14
ayda3,1
ayf,1
ayfa,1
ayfangylws,1
ayfwar,3
ayfy,3
ayfyng,2
ayhab,1
ayjab,36
ayjaby,3
ayjabya,7
ayjad,13
ayjar,11
ayjk,1
ayman,2
aymana,3
aymanna,1
"aymn,1
ayn,1
ayqa3,1
ayqaf,4
ayqafhma,1
ayr,7
ayr",,1
ayrad,15
ayradat,3
ayran,27
ayran",,2
ayrbas,2
ayrs,1
ayryk,1
ayrys,2
ays,1
aysal,1
aysr,2
aytal,10
aytalya,5
aytam,1
aytmar,3
aytw,1
aywa,2
ayz,11
az3jt,1
aza,3
azad,1
azal,1
azd,18
azd7am,1
azdad,1
azdadt,1
"azdant,1
azdhara,1
azdyad,3
azhr,8
"azhr,1
azhrt,13
azm,42
azrq,3
b3d,15
b3da,1
b3dd,4
b3dhm,1
b3dhma,1
b3dm,3
b3dma,12
b3laq,2
b3lm,1
b3ml,1
b3mlt,1
b3mly,1
b3mq,1
b3na,1
b3nw,3
b3qar,1
b3qd,4
b3qly,1
b3qwd,1
b3u,14
b3wd,1
b3wr,1
b3yd,8
b3yda,2
b7aj,5
b7ajt,1
b7al,1
b7dwr,16
b7fz,2
b7ir,2
b7j,1
b7jb,1
b7jm,5
b7km,3
b7kmt,1
b7lwl,11
b7ma,1
b7ml,1
b7q,2
b7r,42
b7rs,1
b7rwf,1
b7ryn,18
b7s,3
b7sab,1
b7sb,14
b7t,2
b7u,38
b7ua,1
b7ua3n,1
b7ut,1
b7wal,2
b7war,1
b7wu,9
b7wu",,1
b7wzthm,1
b7zm,1
b7zr,1
ba3l,1
ba3la,1
ba3mal,3
ba3t,2
ba3tbar,6
ba3tbarna,1
ba3tiar,1
ba3tmad,2
ba7dau,1
ba7du,1
ba7jam,1
ba7tjaj,1
ba7tlal,1
ba7tyaty,1
ba7u,2
bab,4
bab3ad,1
baba,7
babandryw,4
babks,1
babram,2
babwzb,1
bad3a,1
bad5,2
bada,2
badar,5
badkal,1
badr,1
badrar,1
baftrad,1
baftta7,3
baglaq,9
bah,3
bahdaf,1
bahm,4
bain,3
baj,2
bajaz,1
bajmal,1
bajra,3
bak,1
bakadym,1
bakmal,1
bakml,1
bakr,8
bakst,5
baktakwr,1
baktr,1
baktsab,1
bakur,5
bakw,1
bakwrt,1
bal3laq,1
bal3ml,1
bal7dyu,1
bala3l,1
baladaf,2
balaks,1
balams,1
balastumar,1
balf3l,1
balg,9
balmqarn,1
balnsb,5
balqdr,1
balrgm,1
balry,1
balt3a,1
balt7dyd,2
baltal,8
baltwq3,1
balwrak,1
bam,2
bamk,1
bamkan,4
bams,1
bamtdad,1
bamtyaz,1
ban,32
ban3dam,1
bandwr,3
banjaz,1
bankfad,2
bann,2
banna,1
bans,1
bantlaq,3
bantqal,1
bantzam,1
bantzar,2
banwa,1
banwa3,2
banwt,1
banww,1
banyarak,1
baq,5
baqalt,1
baqam,1
baql,2
baqsr,1
baqtsad,1
bar,4
barad,1
barak,4
barawwt,1
barb3,1
barba7,5
barba7hm,1
barkwd,1
bartfa3,8
bartnr,1
barys,8
"barys,3
barz,8
barza,1
bas,1
bas3ar,5
basdar,1
basla7,3
baslwb,1
basma,1
basndw,1
basqat,1
basr",,1
bast,1
bast3ad,1
bastad,5
bastdaf,3
bastglal,1
bastkmal,1
bastmrar,3
bastqbal,2
bastratyj,1
bastta3,1
bastuna,11
bastuna5,1
basty3ab,1
baswl,1
bat,5
bat7ad,1
batba3,2
batfaq,1
batkai,1
batn,2
batrys,1
baur,1
baw3ar,1
bawlw,1
bawr,2
bawraf,15
bayam,1
baydn,1
bayrn,1
baz,1
baza7,1
bbarys,2
bbd,1
bbil,1
bblatr,1
bbld,1
bbn,1
bbna,1
bbnk,2
bbramj,2
bbrq,4
bbtl,1
bbwrs,1
bby3,1
bby5t,1
bd3m,9
bd3w,1
bd7,1
bd7aya,1
bda,55
bda53,3
bda5l,1
bdana,3
bdar,1
bdarfwr,1
bdat,1
bdawa,4
bday,1
bdayt,2
bdb,1
bdk,1
bdkamt,1
bdkl,1
bdkwl,1
bdl,3
bdla,8
bdn,8
bdnya,2
bdowa,1
bdq,1
bdqa5q,1
bdr,3
bdr3,1
bdras,2
bdrj,2
bdrw,1
bdrwr,3
bdt,2
bdwa5r,1
bdwam,1
bdwl,12
bdwr,9
bdwrhm,1
bdwrna,2
bdyl,6
bdyla,4
bdyn,1
bfa5d,2
bfarq,4
bfd,1
bfdl,2
bfndq,6
bfrs,1
bfryq,2
bfsk,1
bfwz,9
bgd,1
bgda,1
bgryb,2
bha,1
bhbwb,1
bhdf,40
bhi,14
bhjwm,1
bhy5,1
bhz,1
bil,5
bilk,3
bilw,1
bj3,1
bj3l,1
bja5z,4
bjam3,2
bjanb,1
bjanbhma,1
bjd,1
bjhad,1
bjhd,1
bjls,1
bjmhwr,3
bjml,1
bjnyf,1
bjrw7,2
bjwa5z,2
bjwanb,1
bjwar,9
bjwl,7
bjzyl,2
bk3k,1
bkadr,1
bkaf,2
bkalwryws,1
bkalyfwrnya,1
bkaml,4
bkar,5
bkas,2
bkbr,1
bkdm,3
bkfd,2
bkl,2
bklaf,3
bklf,1
bklm,1
bkms,2
bkr,4
bkram,1
bksar,1
bksr,1
bksws,6
bkta,3
bktab,2
bktakwr,1
bkuaf,1
bkuyr,4
bkyt,9
bl7aj,3
bla,6
bla3b,3
bla3bna,1
blad,128
blad",,3
bladhm,2
bladna,2
blal,8
blata,1
blatr,9
blaza,4
bld,100
bld",,2
blda,2
bldna,1
bldy,3
bldyhma,1
blg,51
blgarya,1
blgt,59
bljyka,1
blkwya,1
blmad,2
blndn,2
blqa,2
blqb,8
bltj,1
blwg,4
blwmbrg,1
blwr,2
blww,9
bly,2
bm3,1
bm3alj,1
bm3aml,1
bm3amlt,1
bm3ayyr,2
bm3dl,22
bm3na,1
bm3nwy,1
bm3skr,3
bm7adr,1
bm7afz,1
bm7awl,2
bm7awr,1
bm7fz,1
bma,4
bmamn,1
bmbadr,2
bmbagtt,1
bmbara,1
bmbary,1
bmblg,9
bmbna,1
bmda,1
bmdrs,1
bmdyn,15
bmfrd,1
bmgadr,1
bmhamhm,2
bmhar,1
bmjal,2
bmjmw3,1
bmjmw3t,1
bmjrd,2
bmkad,1
bmkan,2
bmkatb,1
bmkatr,2
bmktb,1
bmktlf,2
bml3b,1
bml7q,1
bmlf,1
bmmlk,1
bmn7,1
bmnaqw,2
bmnasb,17
bmnbr,1
bmnsb,1
bmntj3,1
bmntjat,1
bmntkb,1
bmntq,3
bmnzm,1
bmoss,3
bmowr,1
bmqat3,2
bmqdar,19
bmqdwr,1
bmqr,7
bmr,1
bmrafq,1
bmrkz,3
bmrwn,1
bmsa3d,2
bmsa7,2
bmsand,1
bmsar,1
bmsl7,1
bmsowlyat,1
bmsowlytna,1
bmsr,1
bmstqbl,1
bmstwa,5
bmstwy,1
bmsyr,1
bmtab3,1
bmuab,4
bmul,1
bmwad,1
bmwajh,2
bmwaqf,1
bmwark,8
bmwary3,3
bmwdw3,1
bmwjb,8
bmwqfna,1
bmwrw3,2
bmwsm,2
bmyzan,1
bmzyd,2
bn7w,16
bna,24
bnad,28
bnao,3
bnatj,1
bnay,1
bnd,3
bndq,3
bnfs,8
bngladyw,2
bnha,17
bnja7,3
bnja7",,2
bnk,170
bnk",,1
bnka,1
bnmw,5
bnql,1
bnsb,124
bnsb",,5
bnskt,1
bnslfanya,1
bnsyb,1
bnsyr,1
bnt,17
bnta5j,3
bntaq,1
bnty7,1
bntyj,9
bnwd,2
bnwk,51
bnwr,3
bnyab,1
bnyt,4
bnzam,2
bnzwl,1
bnzyr,1
bqa,6
bqa3,4
bqa3d,1
bqa5d,1
bqdaya,1
bqdr,3
bqdrat,1
bqdrt,1
bqm,1
bqrar,3
bqrwd,1
bqsd,1
bqsr,4
bqta3,1
bqtr,2
bqtrlanna,1
bqw,18
bqwl,1
bqwt,2
bqyad,37
bqym,39
bqyt,2
br3a,7
"br3a,1
br3ayt,5
br3aythma,2
br5as,19
br7l,1
brad3,1
brah,1
braiarz,1
bral,1
bramj,19
brand,1
bras,2
braun,1
brazyl,58
brazylya,1
brazylyns,1
brbat,1
brf3,1
brfq,2
brfyz,2
brgm,1
brh,4
brj,2
brk,4
brkab,1
brl,1
"brl,1
brlm,5
brlskwn,1
brlwskwn,2
brm,1
brmnjham,1
brmyl,22
brmyl",,1
brnabyw,1
brnamj,49
brnamja,7
brnsyb,2
brnt,3
brq,2
brsa5l,1
brsal,2
brsalthm,1
brsas,2
brsyd,13
brtgal,5
brw,40
brw7,1
brwb,1
brwf,3
brwfyswr,2
brwksl,2
brwlwn,10
brwmwd,3
brwnw,8
brwnzy,1
bryad,1
bryd,2
bryk,2
brymn,2
brymyyr,2
brynad,1
bryndl,1
brynst,1
brytan,10
brytanya,3
brz,14
bs3r,3
bs3wb,1
bs7b,4
bsa3,1
bsa7,1
bsaf,2
bsat,1
bsbaq,1
bsbb,1
bsdar,2
bsdas,1
bsdd,6
bsf,3
bsfar,1
bshwl,1
bsjl,3
bsltn,1
bsm3,1
bsmthm,1
bsmw,1
bsn3a",,1
bsna3,5
bsoal,1
bsr3,6
bsrd,1
bsta,1
bsw,1
bswr,12
bswrya,1
bswt,1
bsyad,1
bsyb,1
bsyf,1
bsygt,1
bsyrhm,1
bsysw,1
bsyt,2
bsyta,2
bt3adl,1
bt3dd,1
bt3m,1
bt7alf,1
bt7d,1
bt7dyd,1
bt7qyq,2
bt7s,2
bt7wyl,5
btahyl,1
btal,6
btam,1
btaq,11
btaqt,2
btaqthma,1
btaryk,1
btasys,1
btbn,1
btby3,1
btda3yat,1
btdawl,1
btdryb,2
btdw,3
btfaol,1
btfs,1
btglyb,1
btgyyr,1
bthm,1
btkfyd,1
btkfyf,1
btklf,6
btkw,1
btl,10
btla,1
btlb,3
btlk,1
btlmy3,1
btlna,6
btmam,1
btmw7,1
btmwyl,3
btmzq,1
btnfyi,7
btnm,1
btnsyq,1
btnzym,9
btqaryr,1
btqdm,1
btqdym,9
btqdyr,1
btqn,1
btqryr,1
btqyym,1
btraj3,3
btraw,2
btrq,1
btrwkymawy,2
btrwl,27
btryq,8
btsdydt,1
btsdyr,2
btslym,11
btsrf,1
bttwr,2
bttwyj,3
bttwyr,2
btubyt,1
btw,1
btwafr,1
btwajd,4
btwfyr,1
btwgyl,2
btwj,3
btwkyl,1
btwl,56
btwl",,1
btwqy3,5
btwqyt,9
btwyl,2
btwzy3,3
bty5a,1
btzamn,1
btzwyd,1
bulau,11
bumn,1
buq,2
bura,1
but,1
bw3lam,3
bw3wd,2
bw3wd",,1
bw3yn,2
bw7n,2
bwab,3
bwam,1
bwaq3,16
bwar,4
"bwar,2
bwast,2
bwbatyllw,3
bwd,3
bwd3,1
bwdw7,1
bwdyf,1
bwfa,2
bwhanj,1
bwhdym,1
bwhr,3
bwj,3
bwja3,1
bwjwd,2
bwjwdhm,1
bwl,2
bwla,1
bwland,1
bwluab,1
bwnj,1
bwnwr,1
bwnytw,1
bwo,1
bwq,1
bwqt,1
bwr,11
bwr3,1
bwra,1
bwrd,1
bwrgyr,1
bwrk,7
bwrs,38
bwrsl,1
bwrtal,1
bwrtw,2
bwrtwrykw",,1
bwrw,6
bwrwt,3
bws3,1
bwsa5l,2
bwsn,1
bwst,2
bwsta,1
bwswl,8
bwt,1
bwta,3
bwtahr,1
bwtby3,1
bwtgaz,1
bwtq,1
bww,1
bwynj,2
bwyns,1
"bwyns,1
"bwynws,1
bwyr,3
bwz,7
bwzar,5
bwzyf,1
by3,24
by3t,1
by5,56
by5",,1
byan,13
byana,2
byb,1
byb",,1
byd,2
byk,1
byla,1
byn,21
bynt,2
bynw,1
byr,2
byrsyfal,1
byrw,4
byrwqrat,1
byskw,4
byskwlytw,1
byt,9
byta,1
bytar,1
bytk,1
bytr,1
bytrhansyl,2
bywlwjya,1
bywm,1
bywt,6
byyr,1
bzlal,1
bzm,1
bzmn,8
bzrwf,1
bzwjt,1
bzyad,25
bzyar,9
c("dw7,1
d3a,7
"d3a,1
d3a5m,1
d3am,1
d3f,1
d3fa,1
d3m,60
d3ma,2
d3mhm,1
d3mna,1
d3t,9
d3w,6
d3wa,5
d3wt,1
d3yf,2
d5yl,1
d5yla,2
d7aya,1
d7rj,1
d7yl,2
da3,7
da3a,1
da3bhm,1
da3m,5
da3ya,2
da53,3
da5m,9
da5ma,18
da5r,8
dadab,1
daf3,2
daf3a,1
dagst,1
dagt,1
dakar,4
dakl,44
dakl",,1
daklya,2
dalglyw,3
dam,2
damt,1
damy,1
dan,1
dandrym,1
danylw,1
dar,7
darfwr,3
dark,1
dars,1
daryw,2
datw,1
dawwd,1
"db,2
db",,1
dbab,1
dbas,1
dbaw,3
dbawa,1
dblwmas,3
dblyw,2
dbt,3
df3,21
df3hm,1
df3t,3
df3w,1
dfa3,28
dfa3at,1
dfn,2
dgt,11
dgta,1
dgwt,9
dhr,1
dhw,3
djanw,1
dkl,10
dkl",,1
dklt,3
dkm,15
dkma,1
dktwra,2
dktwrasam,1
dktwrm7md,1
dkwl,18
dlal,2
dlamyn,1
dlyl,5
dma,3
dmj,4
dmt,4
dmw3,1
dmwq,8
"dmwq,2
dmwq",,1
dqa5q,13
dqyq,36
dqyqt,3
dr3,1
dra5b,8
drag,1
draj,4
dras,29
drasthm,1
drasy,1
drb,6
drba,1
drbt,1
drhm,12
drj,24
drjal,3
drk,1
drs,1
drst,1
drwr,14
drws,3
dry3,1
dryb,16
dstjr,1
dstwr,5
dw7,139
"dw7,53
dwa,1
dwa3,1
dwa5,3
dwa7,1
dwajn,2
dwar,1
dwb,2
dwdz,1
dwl,526
dwl",,4
dwla,2
dwlar,94
dwlar",,3
dwlara,16
dwlarmn,1
dwlt,5
dwly,5
dwlya,2
dwma,2
dwmyngyz,1
dwn,3
dwnga,1
dwnma,2
dwnt,2
dwr,187
dwr",,2
dwra,6
dwrt,3
dwytw,4
dy3,1
dya,1
dyab,1
dyaf,2
dyan,2
dyany,2
dyar,14
dyb,2
dyba,4
dyf,4
dyfa,1
dyfamr,1
dyfrys,1
dyfyd,4
dyjama,1
dyl,2
dym,1
dymbw,1
dymqrat,6
dymwgraf,3
dymytr,1
dymywl,6
dymywl",,1
dyn,11
dynamyk,1
dynar,4
dynya,1
dynys,1
dyq,1
dysmbr,17
dyw,29
dywf,4
dyyjw,2
f3al,9
f3aly,12
f3alyat,3
f3l,17
f3la,2
f3lwa,1
f3lya,3
f3lyt,1
f5r,1
f7afz,1
f7s,2
f7sb,3
f7sl,1
f7ws,2
fa3ad,2
fa3l,4
fa3la,1
fa3ly,1
fa5d,39
fa5da,2
fa5q,1
fa5t,2
fa5z,16
fabyw,3
fad,1
fadl,1
fagn,15
fajn,1
fakd,1
faks,1
fal7,1
fandrl,1
fandynhw,6
fang,2
fanna,4
far,8
far7,1
farh,1
farq,5
fars,2
fars",,1
fart,2
fas,3
fasd,1
faskw,4
fastdm,1
fat7,1
fatyk,1
fawar,1
faz,11
fazt,4
fazwa,1
fb3d,2
fbalnsb,1
fbrayr,16
fbrayr3am,1
fd",,1
fda,5
fda5,2
fdhm,1
fdl,3
fdla,12
fdlt,2
fdral,2
fdy,1
fdy7,1
fdyl,4
fdynna,1
fhd,10
fhm,2
fhnak,3
fhwd,3
fhyd,10
fja,1
fjr,1
fjw,2
fjza,1
fkam,29
fklahma,1
fkr,13
fkra,1
fkran,1
fkrw,1
fkwr,3
fla,1
fla7,1
fladymyr,1
flayka,1
flb,1
flharmwn,1
flilk,1
flkl,1
fll,9
fll",,1
flmaia,2
fln,2
flst,7
flstyn,23
flstyn",,1
flstyny,1
flw,1
flwry,1
flys,2
flyzw,1
fmnhm,1
fmokra,1
fmula,1
fnadq,6
fndq,9
fnya,2
fnyt,1
fnzwyla,1
foad,1
fqal,2
fqam,1
fqd,35
fqr,5
fqra,1
fqtr,1
fqyd,1
fqym,1
fqyr,1
fr3,18
fr3a,4
fr7,1
frag,1
"frankfwrt,1
frans,3
franwyska,4
frar,1
frbma,1
frd,31
frdt,1
frgm,1
frhad,2
frj,1
frnandw,2
frns,33
frnsa,5
frq,14
frqhm,1
frs,86
frsa,2
frst,1
frt,4
frw3,10
frws,11
fryd,5
fryj,2
fryngz,1
fryq,234
fryq",,2
fryqa,3
fryqhm,4
fs7,1
fsa3da,1
fsa5l,3
fsa7b,1
fsad,7
fsk,1
fsl,3
fsthbt,1
fstk,4
fswf,2
fswl,1
fsyk,1
fsytm,1
ft7,10
ft7du,1
ftak,1
ftawa,1
ftblg,1
ftkwd,1
ftm,1
ftr,107
ftr",,1
ftrt,3
ftwajd,1
ftwark,1
ftwhd,1
ftwj,1
ftwr,1
fty,2
fwa5d,3
fwasl,1
fwd,3
fwda,2
fwdaf,4
fwj,2
fwkl,1
fwl,5
fwl",,1
fwlad,1
fwlfgang,1
fwlks,16
fwlt,1
fwml,5
fwmla,2
fwn,1
fwq,1
fwr,8
fwra,1
fwrk,1
fwrl,1
fwrs,1
fwsat,8
fwsf,1
fwslt,2
fwsr,2
fwstyna,1
fwt,1
fwtbwl,2
fwz,72
fwza,3
fydral,1
fydrr,1
fyfa,14
fygas,3
fyktwrya,1
fyl3b,1
fyla,2
fylajyw,2
fyldz,1
fylla,5
fyllt,1
fylyb,1
fylyrz,1
fylyrzf,1
fyma,4
fyn,4
fyntrkwrn,1
fynyzylws,1
fyrar,1
fyrdr,1
fyrmwnt,1
fyrtas,3
fyrz,1
fysbwk,1
fysl,8
fyt3,1
fytnam,9
fytnam",,1
fywl,1
fywr,1
fyyar,3
fyyna,9
"fyyna,1
fzt,2
ga5b,1
gab,3
gadr,6
gadrt,2
gal,1
galb,3
galwb,1
galya,1
gamd,1
ganm,6
gao,1
garsya,1
gay,1
gaz,172
gdb,3
gdyr,1
gfyr,4
gia5,15
gla,1
glb,2
glq,1
glwbal,1
gmar,1
gnym,1
grab,1
graf,36
graf",,1
graham,1
grar,2
grb,6
grba,1
grd,1
grf,43
grfaw,2
gryb,2
grym,1
gta,2
gwar,2
gwl,1
gwmyz,1
gwna,1
gwq,2
gwylyn,1
gyab,10
gyau,1
gybs,3
gylsynkyrwn,1
gyrhm,2
gyu,1
gzal,1
ha5l,8
had,3
hadf,1
hafylang,1
hajr,3
ham,8
ham",,1
hama,2
hamw,13
hamwr,1
hang,1
har,1
hardwz,1
harfard,1
hat,2
hatf,14
hatfy,1
hatfya,9
hatryk,1
hawm,1
hawrd,1
haynz,1
hbt,1
hbwt,5
hbwta,2
hdaf,3
hdd,2
hdf,42
hdfa,3
hdfna,1
hdm,1
hdr,1
hdw,5
hdwa,1
hfw,1
hia,22
hjm,3
hjn,7
hjr,2
hjw,1
hjwm,25
hkia,2
hla,2
hlakhm,1
hlal,6
hlywm,1
hma,3
hmam,9
hna,1
hnad,3
hnak,6
hnd,7
hnds,12
hndst,1
hola,4
hrn,1
htfwa,1
htm,4
hwa5,1
hwamw,1
hwgw,1
hwj,1
hwl,1
hwldng,2
hwlnd,3
hwlnda,1
hwng,1
hwr,1
hwt,2
hwtw,1
hww,1
hwythm,1
hy5,27
hyakl,1
hydrwkarb,1
hydrwkrbwn,2
hydws,3
hydws",,1
hyja,1
hykl,6
hyn,1
hyrst,1
hyum,1
hywstn,2
hza5m,1
hzyl,1
hzym,3
hzymt,1
ihab,2
ihaba,5
ihb,27
ihby,2
ihbya,1
ik",,1
ikr,22
ikra,3
ikrna",,1
ikrt,2
"ikrt,1
ilk,100
ira3,1
irw,2
iwad,3
iyab,6
iyb,4
j3fr,5
j3l,10
j3lhm,1
j3lna,1
j3lt,4
j7r,1
j7wr,1
ja5z,23
ja5zt,5
jabr,8
jad,8
jaf,1
jahda,3
jahz,15
jahza,4
jahzyt,1
jaib,3
jaiba,1
jak,1
jakrta,1
jakyt,1
jal,13
jalwb,1
jam3,37
jam3",,1
jama,4
jan,4
janb,102
janba,4
janbhm,1
jaowa,1
jar,55
jasm,48
jat,21
jatwzw,1
jaywant,1
jbh,3
jbr,22
jbryl,6
jda,19
jda",,1
jdar,6
jdarthm,1
jdd,10
jdd",,1
jddt,1
jdl,1
jdla,2
jdt,1
jdw,3
jdwa,5
jdwl,6
jdyd,129
jdyd",,3
jdyda,7
jdydhma,1
jdyr,10
jfaf,1
jfal,2
jgraf,2
jgrafya,2
jham,1
jhaz,39
jhaza,1
jhd,3
jhd",,1
jhda,2
jht,5
jhthm,1
jhwa,1
jhwd,26
jhwda,1
jhwdhm,1
jhym,1
jhzna,1
jib,4
jiba,1
jir,1
jlal,6
jlb,3
jlfar,1
jlmwd,1
jls,45
jlsna,1
jlws,2
jlyl,10
jm3,51
jm3t,10
jm3y,1
jma3,7
jma7,1
jmahyr,28
jmahyralgfyr,1
jmahyralt,1
jmahyrhm,2
jmahyrm3,1
jmahyrya,1
jmal,10
jmark,2
jmdt,1
jmhwr,59
jmhwry,1
jml,3
jmrk,5
jmwd,1
jmy3a,5
jmy3hm,1
jmyl,7
jmyla,1
jna5,1
jnb,1
jnba,1
jnd,1
jnral,2
jnsy,2
jnwb,26
jnyf,1
jnynyw,1
jr3,1
jr7a,1
jra,19
jra5d,1
jra5m,3
jra7,5
jra7",,1
jran,1
jrand,1
jrt,6
jrwb,6
jryd,4
jryjwry,2
jrym,2
jrynsb,1
jryntw,1
jsr,9
jstwt,1
jswr,1
jsym,1
jw",,1
jw3,4
jwa,1
jwa5z,15
jwad,26
jwada,8
jwahr,1
jwanb,2
jwaw,1
jwbhwa,1
jwd,40
jwda,1
jwdt,1
jwga,1
jwhr,3
jwl,35
jwld,1
jwldn,1
jwlt,1
jwly,5
jwma,1
jwnas,1
jwng,1
jwnj,2
jwnst,1
jwnynhw,2
jwnynyw,4
jwnyw,1
jwnywr,3
jwnzalys,1
jwrj,10
jwts,1
jwwwa,1
jwzyf,1
jyad,2
jyang,2
jybwt,4
jyd,25
jyda,6
jyda",,1
jyfr,4
jyfrs,2
jyl,5
jyms,2
jynyl,3
jyr,1
jyrald,5
jyryts,1
jys,1
jyw,6
jywlwj,1
jywnanyns,1
jyz,1
jza,18
jza5r,13
jzafa,1
jzar,13
jzr,5
jzyl,1
jzyr,11
jzyz,1
k3a5d,2
k3adt,1
k3b,4
k3ba,1
k3k,1
k3rb,2
k7afz,1
k7d,3
k7lwt,1
ka3la,3
ka7d,1
ka7da,2
kabtn,2
kabwr,7
kad,6
kadm,4
kadna,1
kadr,4
kadt,1
kadw,2
kaf,31
kafytyrws,1
kagna,1
kajra,1
kakbr,1
kal,26
kald,40
kals,1
kam,6
kamat,1
kamb,3
kaml,30
kaml",,1
kamla,2
kams,20
kamy,1
kamyr,1
kan,6
kana,1
kanwa,4
karj,77
karj",,1
karjwlwks,1
karjy,1
karjya,1
karjyt,1
karlws,10
karnyg,3
karq,1
karqa,1
karu,2
karwlayna,2
karwt,1
karyb,2
kas,104
kas7,2
kas7ab,1
kasas,1
kasr,2
kast,1
kat,4
kat5,1
katanytw,1
kataryna,1
katdra5,2
katr,3
kaw,2
kawfa,2
kawl,2
kayw,1
kazm,1
kbar,16
kbdyl,1
kbq,1
kbr,26
kbra,35
kbramj,1
kbrat,2
kbrt,5
kbryt,1
kbtaq,1
kbtwl,1
kbyr,113
kbyr",,1
kbyra,22
kbys,1
kd3wa,1
kda3,1
kdm,97
kdmat,2
kdmatna,3
kdr,3
kdra,6
kfa,9
kfal,1
kfd,13
kfyf,3
kfyfa,2
kfyl,1
khd,1
khia,1
khrba,17
khrba",,1
khrba5,1
khrma,4
kia,2
kilk,20
kjhaz,1
kjwl,2
kjz,1
kkfd,1
kkl,2
kktw,3
kla,17
klafa,1
klahma,1
klal,35
klal",,1
klalhma,1
klam,2
klaq,1
klas,3
klasykw,2
klf,22
klfa,7
klfhma,1
klft,1
klhm,1
klma,1
klmt,9
klmtyhma,1
klq,8
klta,1
klw,3
klwd,3
kly,2
klyf,148
klyhma,1
klyj,102
klyjy,8
klyjya",,1
klyl,2
km",,1
km7trf,1
kmal,5
kmaly,1
kmatsww,1
kmatww,1
kmbwdya,1
kmbywtr,2
kmdrb,1
kmdyr,1
kmhajm,1
kmktb,1
kmns,1
kmowr,1
kmr7l,1
kmrkz,1
kms,26
kmsahm,1
kmsdr,2
kmsl7,1
kmwark,1
kmwrw3,2
kmy,10
kmys,21
kna,3
knar,1
knd,5
knda,4
knmwij,1
knqt,1
knsb,8
knt,2
knw3,1
knys,1
knz,1
knza,1
kqw,1
kr",,2
kr5ys,2
kram,5
krj,8
krjt,3
krm,3
krnfala,1
krsan,2
krt,3
krtwm,13
"krtwm,2
krw,3
krwb,1
krwj,14
kryd,1
kryf,1
krym,10
krysty,1
kryt,3
kryty,7
ksa5r,5
ksar,13
ksart,4
ksba,1
ksbyl,1
ksks,3
kskst,1
ksm,2
ksr,5
"ksrt,1
kss,5
ksst,2
kswla,3
ksws,5
ksws",,1
kswsa,24
ksysa,2
kta5b,2
ktab,7
ktaba,1
ktalwn,2
ktam,23
ktara,1
ktb,1
"ktb,46
ktbt,1
"ktbt,2
ktf,2
ktm,1
ktr,3
ktr",,1
ktra,1
ktrwnya,1
ktt,21
ktta,2
ktw,20
ktwr,4
ktwrt,1
ktwt,29
ktyr",,1
kur,4
kuyr,40
kuyra,5
kwa7d,1
kwadr,2
kwalalmbwr,2
kwang,2
kwar,8
kwaru,3
kwas,1
kwba,2
kwbaltw,1
kwbr,4
kwbws,1
kwbyar,1
kwd,4
kwf,22
"kwf,5
kwfa,2
kwft,3
"kwft,1
kwk,4
kwkb,1
kwl,2
kwlbanryk,1
kwlwmby,1
kwlwmbya,3
kwlyw,1
kwmandws,1
kwmban,7
kwn,18
kwng,2
kwnhma,1
kwnna,1
kwnrad,1
kwr,44
kwr",,1
kwrb,1
kwrk,5
kwrnyw,5
kwrya,14
kwryk,1
kws,4
kwsta,5
kwstaryka,2
kwwn,1
kwya,2
kwyt,53
kyal,20
kyam,1
kyan,2
kyana,2
kyar,9
kyart,1
kybasa,1
kyf,14
kyl,31
kylw,4
kylwmtr,2
kym,3
kymaw,2
kyn,4
kynya,2
kyr,18
kyra,1
kyrww,2
kyta,7
kytaf,1
kyts,1
kyw,1
kywbwst,1
kywl,2
kywmydya,5
kywsas,7
kywtl,1
kyww,1
kzan,3
l3am,20
l3b,21
l3bt,2
l3dd,3
l3dm,3
l3dw,1
l3l,3
l3lwm,2
l3ml,1
l3mla5,2
l3mla5na,1
l3mly,1
l3mr,9
l3mwm,1
l3qd,1
l3qwb,1
l3rws,1
l3wr,1
l7aj,3
l7ajat,1
l7ajatna,1
l7aq,3
l7dr,9
l7dwr,2
l7jm,3
l7kwm,1
l7l,1
l7ma,2
l7mltna,1
l7q,1
l7qt,1
l7qwq,6
l7rk,1
l7sd,1
l7sn,1
l7wal,1
l7wd,1
l7wm,3
l7z,7
l7z",,1
la3ad,6
la3b,189
la3ba,7
la3bw,7
la3da,3
la3dad,2
la3l,2
la3la,1
la3mal,5
la3ta,2
la3tmad,1
la57,2
la5q,1
la7d,1
la7dau,1
la7q,6
la7qa,2
la7tlal,1
la7tyaj,1
labram,1
labraz,1
labtal,1
ladaf,1
ladar,5
ladn,3
ladn",,1
ladraj,1
lafrad,1
lafryqya,1
laft,3
lafta,9
laftta7,3
lagau,2
lagrad,2
lahl,1
lahmyt,1
lajaz,2
lajnd,1
lajra,2
lajtma3,3
laki,1
lakr,1
laktlaf,1
laktyar,1
lakur,1
lal,1
lam,4
lam7dwd,3
lamkany,1
lamm,1
lamyrka,1
land,2
landmark,2
lanfaq,1
lanfshm,1
lanja7,1
lanjaz,1
lanka,1
lankfad,1
lanna,4
lanqai,1
lans7ab,1
lansylwt,2
lantaj,8
lantlaq,2
lanwa,5
lanwt,1
laqa,2
laqam,2
laqrar,1
larb3,2
lard,1
larsa,1
lartbat,2
las,3
las3ar,5
lasab,2
lasas,1
lasbab,1
lasdar,1
lasfh,1
lashm,3
lask,1
laslk,3
last3ad,1
last3mal,2
lastad,2
lastdaf,5
lastglal,1
lastkmal,3
lastkwaf,1
lastmrar,1
lastqbal,3
lastqtab,1
lastumar,2
lastyrad,1
laswaq,3
laswd,1
lasyma,20
lasyna,1
lat7ad,6
latfya,1
latja,1
latkai,4
latla3hm,1
latlaq,2
latlytkw,1
latsyw,2
latzal,2
laub,2
law,1
lawk,3
lawl,13
lawlya,1
lawqa5na,1
layjad,1
layqaf,2
layt,3
layzal,4
lazarwn,18
lazdhar,1
lazm,14
lb3d,4
lb7u,2
lba,1
lbaq,1
lbarklyz,1
lbd,5
lbldhm,1
lblwmbrj,1
lbn,7
lbna,5
lbnan,3
lbnk,9
lbnwd,1
lbq,1
lbqa5,1
lbramj,1
lbtwl,9
lbu,1
lbwrs,2
lby3,3
lby5,1
lbyskw,1
lbyt,1
ld3awa,1
ld3m,11
ld3mhm,2
ld3w,1
ldar,1
ldf3,3
ldk,2
ldkwl,3
ldm,6
ldras,1
ldrast,1
ldrj,1
ldryb,2
ldwl,27
ldwr,22
ldwra,1
ldwryna,1
ldy,10
ldyhm,5
ldyhma,1
lfa5f,1
lfaskw,1
lfgng,1
lfnan,1
lfrd,1
lfrq,1
lfrqna,1
lfryq,9
lft,13
lft7,4
lftr,2
lftt,3
lga,2
lgrf,2
lgt,2
lha,3
lhayt,1
lhbwb,1
lhdf,2
lhi,16
lhma,2
lhy5,1
lia,2
lihb,1
lilk,4
liw,1
lj3l,4
ljam3,1
ljhaz,1
ljhwd,2
ljib,1
ljm3,1
ljmahyr,1
ljmhwr,9
ljmy3,11
ljn,68
ljra7,1
ljrw7,1
ljw,3
ljwnynhw",,1
ljywhm,1
ljywran,1
ljzr,1
lkaf,3
lkam,1
lkaml,1
lkas,14
lkba,2
lkbar,1
lkdm,5
lkdmatna,1
lkfd,3
lkla,2
lklyj,1
lkms,1
lkn,13
lknda,1
lknna,1
lkr,42
lkt,1
lktab,2
lktwt,1
lkwd,5
lkwrya,1
lkwya,31
lkzs,1
llagrad,1
llgaz,1
llh,1
llmqarn,1
llmr,1
llmsadf,1
llwrk,1
lm3al,1
lm3ayyr,3
lm3hd,1
lm3rf,2
lm3rft,1
lm3skr,1
lm3zm,1
lm7,2
lm7aka,1
lm7akm,1
lm7md,1
lmad,1
lmbadr,1
lmbadrathm,1
lmbagt,1
lmbara,3
lmd,22
lmdakyl,1
lmdars,1
lmdrb,1
lmgadrt,1
lmhrj,2
lmjls,16
lmjm3,1
lmjmw3,8
lmjtm3,1
lmk,1
lmkalf,1
lmkatb,1
lmktlf,2
lmlf,1
lmmars,1
lmmlk,3
lmn7,1
lmnajm,2
lmnaqw,3
lmntda,6
lmntj,1
lmntkb,2
lmntkbna,2
lmntq,7
lmnzm,3
lmoazrt,1
lmoss,2
lmotmr,3
lmowr,3
lmr7l,2
lmrda,1
lmrkz,1
lms,2
lmsa3d,2
lmsa3dthm,2
lmsabq,2
lmsaf,16
lmsaft,1
lmsahm,1
lmsal,1
lmsandthm,1
lmsl7,2
lmsowlyt,1
lmst7qathm,1
lmstumr,1
lmstwa,6
lmstwfa,1
lmstwy,1
lmswd,1
lmsyr,3
lmtab3,4
lmtalb,1
lmul,1
lmwahd,1
lmwajh,10
lmwakb,1
lmwary3,8
lmwasl,2
lmwatn,2
lmwdw3,1
lmwndyal,5
lmwq3,3
lmwrw3,9
lmwsm,2
lmwzfy,1
lmzyd,1
ln3tbr,1
ln7w,8
lna,1
lnad,2
lnatq,1
lnbda,1
lndn,8
"lndn,4
lnfs,4
lnft,1
lnha5y,4
lnhj,1
lnmw,4
lnql,1
lnsf,1
lnwat,3
lnwr,1
lnzam,1
"lo,1
lolo,2
"lq,1
lqa3d,1
lqa5,2
lqaathm,1
lqad,3
lqan,1
lqb,30
lqb",,1
lqd,2
lqdt,1
lql3,1
lqm,1
lqrar,3
lqrd,2
lqt3,1
lqta3,7
lqtr,18
lqw,3
lqwa3d,1
lqws,4
lqyad,1
lqyadt,2
lqyam,1
lr3a,1
lr5as,2
lr5ys,10
lr7l,1
lr7lt,1
lr7yl,1
lrbma,1
lrbt,1
lrf3,3
lrgb,1
lrjl,1
lrkl,1
lro,4
lrosa,1
lrows,1
lryal,1
ls3ad,5
ls3r,4
ls7yf,2
lsa5q,2
lsaf,1
lsal7,4
lsbaq,4
lsd,2
lsfr,1
lsfwf,11
lshr,1
lsjl,1
lsk,1
lslam,1
lsmw,18
lsmwhma,1
lsn,7
lsna3,3
lsndwq,3
lsr3,2
lsrf,1
lst,1
lstm,1
lswq,1
lsyas,1
lt3ks,1
lt3nt,1
lt3wyd,1
lt3zyz,11
lt7dyd,2
lt7fyz,1
lt7qq,2
lt7qyq,19
lt7s,2
lt7tfz,1
lta5r,1
ltahyl,1
ltahylhm,1
ltajyl,1
ltalma,1
ltasys,4
ltbadl,4
ltblg,1
ltd3ym,2
ltdaf,1
ltdkl,1
ltfad,3
ltfan,1
ltfwyd,1
ltgt,2
ltgtyt,1
ltgyyr,1
lthaw,1
ltilyl,1
ltjar,3
ltjawz,1
ltjdyd,1
ltjhyz,2
ltjm3,1
ltjnb,2
ltjnyb,1
ltk,3
ltkfyd,1
ltkfyf,1
ltkml,1
ltknwlwjya,1
ltkrym,1
ltkwyr,1
ltlb,8
ltlk,2
ltlq,1
ltmk,2
ltmsk,1
ltmul,1
ltmuyl,1
ltmw7at,1
ltmwyl,4
ltnfyi,5
ltnm,5
ltnsyq,1
ltnzym,2
ltqdym,5
ltqdyr,1
ltqny,2
ltqyym,2
ltr7,1
ltra,2
lts3yd,1
ltsb7,3
ltsdyr,1
ltsfy,2
ltshyl,2
ltsjl,1
ltsjyl,2
ltsl,18
ltsly7,1
ltslym,1
ltslyt,2
ltsry7,2
ltstty3,1
ltsyyl,2
lttbwa,1
lttbyq,3
lttwr,2
lttwyr,4
lttzamn,1
ltwajd,3
ltwajdhm,1
ltwfyr,7
ltwgyl,1
ltwj,1
ltwkyl,1
ltwl,3
ltwlyd,1
ltwml,1
ltwq3,1
ltwq3at,2
ltwrthma,1
ltwsy3,2
ltwuyq,1
ltwzy3,4
ltwzyf,1
ltyf,2
ltzamn,1
ltzayd,2
ltzhr,1
ltzwyd,1
ltzyd,1
lunaya,1
luqt,1
lurwathm,2
luwr,1
luwrtna,1
lw3bna,1
lw3wb,1
lw7,5
lw7n,1
lw7yd,1
lw7z,3
lwa,1
lwa57,1
lwajbathm,1
lwarnr,1
lwbab,1
lwbabna,1
lwbk,2
lwd3,2
lwda53,1
lwhr,2
lwjh,1
lwjst,1
lwjstya,1
lwjwd,3
lwjyst,1
lwla,1
lwlb,1
lwm,2
lwmwl,1
lwn,2
lwng,3
lwnjww,4
lwo,4
lwqf,3
lwra,4
lwrans,1
lwrd,4
lwrk,29
lwrka5na,1
lwrns,2
lwsa5l,1
lwsyl,3
lwwzm,1
lwyd,1
lwys,3
lwz,4
lwzar,5
lwzra,2
ly3t,1
ly3yd,1
ly7afz,2
ly7l,1
ly7qq,2
ly7sd,1
ly7tl,2
lyal,1
lyandrw,3
lyandrw",,1
lyaq,3
lyaqt,1
lyb,38
lyb3u,1
lybda,1
lyblg,2
lybwt,1
lyby,10
lybya,31
lybya",,1
lyd,5
lydmn,1
lyfrbwl,3
lyglq,7
lyhajm,1
lyk,14
lykbrn,2
lyktbrwa,1
lyktf,1
lyl,8
lyl",,1
lyl3b,1
lyla,1
lym,1
lymz,1
lyn,1
lyndma,1
lynh,1
lynj7,1
lynth,1
lyqtrb,1
lyqwd,1
lyqwl,1
lyrb7,1
lyrsmwa,1
lys,27
lysb7,3
lysb7n,1
lysjl,1
lysl,12
lysm7,1
lyst,13
lystad,1
lystfyd,1
lyt3aqd,1
lytahl,1
lytjmd,1
lyw3rwa,1
lywaj,1
lywm,1
lywnardw,1
lywng,1
lywnyl,1
lzra3,1
lzwar,1
lzyad,7
m3a,7
m3adl,4
m3adn,3
m3al,31
m3alj,6
m3aml,4
m3an,1
m3ard,10
m3ayw,1
m3ayyr,11
m3bra,2
m3d,4
m3dda,1
m3dl,38
m3dn,1
m3fa,1
m3hd,9
m3hma,3
m3hwd,1
m3jz,1
m3km,2
m3la,1
m3lb,1
m3lm,6
m3ln,1
m3lq,1
m3lqa,4
m3lwm,31
m3lwm",,1
m3mar,4
m3mary,1
m3mq,1
m3mr,6
m3n,6
m3na,2
m3na",,1
m3nw,3
m3nwy,2
m3ql,1
m3qwd,1
m3rb,3
m3rba,4
m3rd,25
m3rf,13
m3rfya,1
m3rk,1
m3rwd,2
m3rwf,9
m3skr,29
m3skra,2
m3tad,1
m3tbr,2
m3tbra,3
m3tmd,2
m3tmr,1
m3trk,1
m3tz,1
m3wda,1
m3wn,1
m3wq,2
m3yar,1
m3yir,1
m3yn,4
m3yna,1
m3zm,17
m3zmhm,1
m3zmhn,1
m5w,4
m7adrt,2
m7adu,1
m7afz,11
m7afza,1
m7ajr,2
m7ak,1
m7aka,1
m7al,1
m7asb,1
m7asr,1
m7asyl,1
m7at,1
m7awl,7
m7awlt,1
m7awr,4
m7b,4
m7bt,1
m7dd,7
m7dwd,5
m7dwda,1
m7fwz,1
m7fz,5
m7fzt,1
m7k,1
m7ka,2
m7km,5
m7l,84
m7la,2
m7la",,1
m7ll,4
m7llla,1
m7ly,10
m7lya,3
m7ml,3
m7mwd,36
m7mwl,5
m7mwma,1
m7nt,2
m7q,1
m7qq,2
m7qqa,10
m7rk,1
m7rka,1
m7rm,1
m7swb,2
m7t,22
m7taj,2
m7tj,4
m7tml,7
m7trf,24
m7twa,1
m7twm,1
m7w,1
m7wl,2
m7wr,2
m7wrya,1
m7yt,1
m7yt",,1
m7zm,1
m7zn,1
m7zwr,1
ma5,67
ma5t,1
mad,9
madb,3
madt,1
mady,1
mady",,1
mahr,1
mahw,1
majd,13
majstyr,4
maka,2
makaw,4
makdwna,4
makwl,1
mal,128
maldyf,1
malk,17
maly,1
malya,1
malyt,1
malyz,1
malyzya,11
mamn,1
mamwl,4
mamwry,1
man7,2
manw,1
manwstr,4
manwyt,1
manya,6
mar,1
marf,1
marjylwf,1
mark,3
marka,1
markt,1
markwn,2
mars,8
marsylw,1
marsynyw,1
mart,2
marya,1
maryktya,1
mas,4
masy,1
maul,1
mawrw,1
may3rf,1
maykl,1
maywz,1
mazal,7
mazda,6
mazlna,1
mazq,1
mb3wu,1
mba3,3
mba7u,10
mbad5,3
mbadr,35
mbadr",,1
mbadrt,1
mbagt,1
mbalg,8
mban,5
mbar,1
mbara,148
mbara",,2
mbarat,17
mbarathm,1
mbarathma,1
mbaraw,1
mbark,50
mbark",,1
mbary,30
mbaryat,1
mbawr,26
mbawra,2
mbay3,4
mbd3,1
mbd5,2
mbda,3
mbdd,6
mbdya,1
mbhra,1
mbiwl,1
mbkr,3
mbkra,6
mblg,15
mblga,2
mbn,1
mbna,1
mbnya,1
mbrd,1
mbrm,1
mbrr,1
mbst,1
mbt3u,1
mbtd5,6
mbtkr,9
mby3,13
mbyn,1
mbyna,2
md3wma,1
mda,29
mda3f,3
mdabw,1
mdaf,11
mdaf3,4
mdar,12
mdars,23
mdfw3,2
mdjj,1
mdkr,2
mdm,1
mdmar,11
mdmr,12
mdn,14
mdny,2
mdrb,106
mdrb",,1
mdrba,5
mdrbhm,2
mdrj,21
mdrjat,1
mdrka,1
mdrs,15
mdrws,4
mdryd,7
"mdryd,1
mdt,1
mdw,1
mdyf,5
mdyfa,14
mdyn,23
mdynt,1
mdyr,77
mdyrw,1
mdywn,1
mf3wl",,1
mfahym,1
mfaj,2
mfaj5,1
mfaja,1
mfasl,1
mfaty7,1
mfawd,8
mfawd",,1
mfda,91
mfdl,2
mfhwm,2
mfqwd,1
mfqwd",,1
mfrd,1
mfrt,1
mfrwd,2
mfrww,1
mfsl,1
mfta7,4
mftrd,2
mftrq,2
mftw,1
mftw7,12
mftw7a,1
mftww,1
mfwd,3
mfyd,2
mfyda,1
mgadr,2
mgadrt,2
mgayr,1
mgbra,1
mgfwr,3
mgl,1
mglq,2
mglqa,2
mgn,3
mgrb,21
mgrb",,1
mgwww,1
mgza,1
mha,1
mhajm,16
mhajr,1
mham,6
mhar,15
mharathm,2
mhd,4
mhjn,9
mhm,44
mhma,11
mhmt,3
mhn,3
mhn5,2
mhnd,8
mhnds,14
mhnyt",,1
mhr,2
mhrj,8
mhrjana,1
mhtm,5
mhzwm,1
mihl,2
mihla,1
mikr,14
mikwr,3
miy3,3
mja3,3
mjahd,1
mjal,100
mjal",,1
mjala,1
mjals,2
mjan,1
mjana,1
mjar7,1
mjawr,1
mjaz,1
mjazf,1
mjbl,3
mjd,3
mjhwd,4
mjhz,2
mjls,179
mjm3,11
mjmd,1
mjml,5
mjmw3,89
mjmw3t,3
mjrd,6
mjrm,1
mjrn,1
mjry,2
mjsm,2
mjtba,2
mjtm3,38
mjtm3",,2
mjtm3athm,1
mjyb,2
mjyd,2
mjz,1
mk3b,4
mkad3,1
mkaf7,5
mkafathm,1
mkamn,1
mkan,8
mkana,2
mkanhm,1
mkant,2
mkanthma,1
mkantna,2
mkasb,4
mkatb,9
mkatr,13
mkaw,2
mkawf,6
mkazn,2
mkbr,1
mkdr,1
mkdrm,2
mkfd,1
mklf,3
mklf",,1
mkls,4
mkml,1
mkmla,3
mkn,3
mkrm,9
mkrr,9
mksb,1
mkss,14
mksyk,3
mksyk",,1
mksykw,1
mktar,5
mktb,20
mktb5,2
mktba,1
mktbr,1
mktlf,55
mktlf",,1
mktlfa,2
mkts,5
mktsa,1
mktsb,2
mktt,4
mktta,1
mkttat,1
mktwb,3
mktwm,4
mktwt,1
mkuf,4
mkwn,2
mkwnat,1
mkwwf,2
mkyb,1
mkzna,1
ml3b,44
ml7,1
ml7q,6
ml7qa,1
ml7wz,3
ml7wza,8
mla,1
mla3b,9
mla5m,1
mla7,3
mla7z,4
mlaia,1
mlak,4
mlam7,2
mlay,15
mlf,5
mlft,1
mlg,1
mlk,77
mlka,1
mlky,1
mlkyt,3
mlmws,3
mlmwsa,1
mlsq,2
mltq,1
mltqa,15
mltw,1
mltzm,5
mlwk,1
mlwn,1
mlwu,1
mlywn,2
mlywna,2
mlzm,3
mma,1
mmadw,2
mmars,6
mmaul,12
mmkn,8
mmlk,34
mmlwk,4
mmlwka,1
mmn,2
mmnw7,2
mmtaz,11
mmtd,1
mmul,17
mmula,1
mmulw,1
mmyz,21
mmyza,3
mmyza",,1
mn3,4
mn3dm,1
mn3hm,1
mn3tf,2
mn3tfa,1
mn7,15
mn7af,1
mn7hm,1
mn7rf,1
mna3,4
mnab3,1
mnabr,1
mnadl,1
mnafi,5
mnafs,92
mnafsat,4
mnahd,1
mnahj,2
mnahjna,1
mnajm,3
mnak,8
mnam,7
"mnam,1
mnam",,1
mnaql,1
mnaqs,2
mnaqw,5
mnasb,29
mnasb",,1
mnasba,2
mnasbhm,1
mnatq,31
mnawr,3
mnaz3,1
mnazl,1
mnb3,1
mnbr,1
mnbuq,4
mndf3,1
mndm,1
mndw,1
mndwb,1
mndwba,1
mnf3,2
mnfi,7
mnfia,1
mnfrd,1
mnfrda,1
mnfsl,1
mnft7,2
mnh,1
mnhj,4
mnhl,1
mnhm,2
mni,1
mnjnyz,1
mnkb,1
mnkfd,7
mnkfda,2
mnkwb,1
mnqt3,1
mnqwl,1
mns,8
mnsb,13
mnshr,1
mnsq,1
mnsrm,1
mnswr,15
mntda,7
mntda",,1
mntdb,14
mntdba,1
mntf3,2
mnth,4
mntj,54
mntjat,4
mntkb,108
mntkb",,1
mntkbna,17
mntkbna",,1
mntlq,5
mntq,118
mntq",,3
mntqd,1
mntqt,2
mntqtna,3
mntqya,1
mntsf,8
mntwr,1
mntz,1
mntzm,1
mntzr,10
mnw,8
mnwh,1
mnwq,1
mnwwd,2
mnwwr,1
mnyt,1
mnzl,3
mnzm,40
mnzmw,1
mnzwm,7
mnzwmtna,1
mnzwr,1
mohl,12
mojr,1
mokd,7
mokda,38
mokr,2
mokra,16
mokra",,1
molf,1
moqt,3
moqta,1
moss,79
mossathm,1
mosst,1
motmr,111
motmr",,1
motmra,2
mour,1
moura,1
mowr,48
mowra,1
mq3d,4
mqal,2
mqalyd,1
mqam,7
mqar,1
mqarb,2
mqarn,53
mqasa,1
mqasf,3
mqat3,14
mqawl,3
mqawlw,3
mqawly,1
mqawm,1
mqayys,2
mqbwl,2
mqbwla,1
mqdar,2
mqdm,18
mqdmt,2
mqdmthm,4
mqdr,9
mqdra,1
mqdrt,2
mqds,2
mqdyww,5
mqn3,1
mqr,13
mqra,2
mqrr,17
mqsf,1
mqsr,2
mqtdb,1
mqtdy,1
mqtl,3
mqtn3,1
mqtny,2
mqtr7,5
mqtrna,1
mqwlb,1
mqwm,1
mqyd,1
mqym,8
mr",,1
mr5y,1
mr7,4
mr7l,44
mr7l",,1
mr7lt,1
mra,1
mra3a,1
mra7l,4
mrab7,1
mrabt,1
mrad,4
mrafq,20
mrafq",,1
mrafqw,1
mraj3,2
mrakz,13
mran,4
mrana,2
mraqb,2
mrar,1
mrasl,1
mrasm,2
mratb,1
mrawg",,1
mrb,1
mrb3,31
mrb3a,1
mrbt,4
mrd,1
mrdwda,1
mrfwd,4
mrhwn,1
mrj3a,2
mrj7,2
mrkb,1
mrks,2
mrkz,104
mrkza,3
mrm,1
mrma,12
mrmwm,2
mrmwq,1
mrr,1
mrsd,3
mrska,1
mrswm,1
mrt,1
mrta7,1
mrtb,25
mrtb",,1
mrtbt,13
mrtd,4
mrtdw,1
mrtf3,11
mrtf3a,9
mrtkz,1
mrtqb,8
mrw7,2
mrwn,2
mrwr,8
mrwra,1
mry7,3
mryk,5
mrym,1
mrzwq,1
ms3b,3
ms3d,2
ms7,3
msa3,2
msa3b,1
msa3d,43
msa3dt,1
msa3dtna,1
msa5,4
msa5l,4
msa7,11
msa7b,3
msa7t,4
msaa,1
msab,6
msaba,1
msabq,12
msadq,1
msadr,18
msaf,7
msafr,7
msaft,2
msahm,33
msahmt,1
msajd,1
msakn,6
msal,34
msal7,8
msan3,2
msand,4
msandt,3
msar,4
msarf,8
msaryf,1
msawa,1
msb,1
msba7,1
msbq,1
msbwq,1
msdaq,4
msdaqyt,1
msdaqythm,1
msdr,18
msdra,1
msfa,4
msgr,4
msjd,2
msjl,10
msjl",,1
msjla,2
msl7,12
msl7",,1
msl7thm,1
mslk,1
mslm,6
mslman,1
msma,2
msmar,1
msmm,3
msmw7,6
msmy,1
msn3,10
msnd,3
msnf,1
msolw,1
msowl,50
msowl",,1
msowlw,2
msowly,2
msowlyat,1
msqt,5
msr,76
msr",,1
msr7,1
msr7a,2
msra3,1
msrf,89
msrfy,1
msrfya,2
msrwf,10
msrwfat,2
msry,6
mst,1
mst3d,3
mst3da,2
mst7q,1
mst7qy,1
mst7qy",,1
mst7wia,1
mst7yl,1
mst7yla,1
mstajr,1
mstajra,1
mstdam,10
mstdam",,1
mstdyf,1
mstdyr,1
mstfa,6
mstfad,1
mstfyda,1
msthdf,4
msthl,1
msthlk,23
mstjd,4
mstkdm,6
mstkdm",,1
mstlzm,3
mstlzmathm,1
mstmr,15
mstmr",,2
mstmra,6
mstqbl,45
mstqbl",,2
mstqbla,3
mstqbla",,2
mstqblna,1
mstqbly,1
mstql,9
mstqr,2
mstta3,1
msttyl,1
mstumr,40
mstumra,2
mstw,1
mstwa,105
mstwahm,1
mstwahm",,1
mstwahma,1
mstwar,17
mstwara,1
mstwfa,5
mstwfy,3
mstwhda,1
mstwrd,7
mstwy,19
mstwy",,1
mstwyat,1
mswat,1
mswt,1
msy3yd,3
msyfr,1
msyl,2
msymyr,1
msyr,12
msyrt,6
msyrtna,1
msyryt,1
mt3,1
mt3aml,3
mt3aqd,5
mt3dd,11
mt3dd",,1
mt3lm,2
mt3lq,12
mt3lqa,1
mt3mq,1
mt7d,44
mt7du,5
mt7dua,2
mt7f,2
mt7fz,2
mt7qq,2
mt7rr,1
mta3b,1
mta7,12
mta7f,1
mtab3,8
"mtab3,1
mtajr,1
mtakr,1
mtakra,1
mtalb,13
mtalba,1
mtalq,2
mtam3,1
mtan,3
mtar,16
mtara,1
mtat,1
mtaur,2
mtaya,5
mtbadl,3
mtbkr,2
mtblwr,1
mtbq,2
mtbr3,2
mtdawl,14
mtdfq,2
mtdmn,1
mtdmna,1
mtdn,5
mtdrb,7
mtdrba,1
mtdrr,5
mtfawt,4
mtfq,1
mtfqa,1
mtfrj,2
mtfwq,1
mtgyr,3
mthalk,1
mtjawb,1
mtjawz,1
mtjdd,2
mtjh,1
mtjr,1
mtkaf5,1
mtkaml,11
mtkbr,1
mtkss,8
mtkuf,1
mtl,2
mtl3,9
mtlba,1
mtlq,2
mtlqa,2
mtlwb,9
mtm3,1
mtmkn,1
mtmn,1
mtmnya,1
mtmsk,1
mtmul,5
mtmyz,15
mtmyz",,1
mtn,3
mtnam,3
mtnaqs,1
mtnasq,1
mtnawl,1
mtnw3,4
mtqdm,13
mtqdm",,1
mtqdma,2
mtqlb",,1
mtqn,1
mtr,31
mtra,1
mtraj3,1
mtraj3a,1
mtrakm,1
mtrd,1
mtrqb,1
mtrw7,3
mtsa3d,1
mtsa5la,1
mtsabq,4
mtsar3,1
mtsar3a,2
mtsdr,5
mtsdra,1
mtsl,1
mtsl7,1
mttabq,2
mttal,3
mttfl,1
mttlb,9
mttlbat,4
mttw3,1
mttwr,6
mtw,1
mtwafq,1
mtwafr,1
mtwajd,3
mtwajda,1
mtwasl,8
mtwaz,1
mtwazn,1
mtwfr,4
mtwjh,1
mtwl,3
mtwq3,42
mtwq3a,3
mtwr,4
mtwst,18
mtwst",,1
mtyn,3
mtzahr,4
mtzayd,3
mtzayda,2
mual,3
muala,1
mualya,2
mul,44
mulma,1
mult,2
mumna,3
mumr,3
mumra,1
muyl,3
muyr,12
mw3d,8
mw3l,7
mw7d,8
mw7wn,1
mwa,1
mwa3r,2
mwa3yd,4
mwab,1
mwabh,1
mwad,21
mwady3,1
mwaf,1
mwafq,16
mwagl,1
mwahd,1
mwajh,27
mwajhthma,1
mwakb,1
mwakba,1
mwakl,6
mwakl",,1
mwal,1
mwalyd,1
mwam,1
mwan5,1
mwaq3,12
mwaqf,5
mward,13
mwardhma,1
mwark,46
mwarkt,7
mwarkthm,1
mwary3,81
mwary3",,1
mwary3hm,3
mwasa,1
mwasat,2
mwasf,4
mwasl,9
mwasla,1
mwasm,1
mwatn,42
mwaw,9
mwazn,20
mwbayl,6
mwbyl,7
mwd,1
mwd3,2
mwd7,2
mwd7a,9
mwdd,2
mwdda,4
mwdw3,6
mwdw3na,1
mwdyst,1
mwdyz,1
mwfd,3
"mwfd,1
mwfda,4
mwfq,1
mwhd,2
mwhwra,1
mwj,5
mwj3,2
mwjh,3
mwjwd,18
mwjwda,1
mwjz,1
mwkk,1
mwkl,11
mwkl",,1
mwlr,1
mwlw,2
mwlwd,2
mwndyal,15
mwnrw,2
mwntryal,8
mwnwbwl,4
mwq3,28
mwq3a,1
mwqf,21
mwrd,1
mwrf,6
mwrfyla,1
mwrjyz,2
mwrq,6
mwrw3,148
mwrw3a,6
mwrw3atna,1
mwrynw,1
mwrynyw",,1
mwrytan,1
mwrytanya,5
mwsa,6
mwsm,63
mwsm",,1
mwsma,1
mwsys,1
mwtn,1
mwtq,2
mwtr,3
mwtram,1
mwtrk,50
mwtrk",,3
mwtrka,1
mwtry,3
mwtryat,1
mwtwr,2
mwtwrz,1
mwuq,1
mwwar,9
mwwq,1
mwwr,3
mwwra,1
mwyd,1
mwyda,4
mwyr,20
mwyra,38
mwyrb,8
mwz,1
mwz3,9
mwza,12
mwzf,17
mwzfw,3
mwzfy,1
mwzfyna,1
mwzfyna",,1
mya,11
myad,1
myd,15
mydal,2
mydaly,3
mydan,1
mydanya,1
mydfydyf,1
myj,1
myjaw,4
myka5yl,1
mykanyk,1
myl,5
myladynwf,1
mylam,1
mylan,1
mylhm,1
mylr,2
mylwf,8
mylynya,1
myna,4
mynjwyl,1
mynyrw,1
mynyzys,1
myqat,1
myr,5
myral,1
myrgn,3
myrnda,1
myrwr,1
myrza,2
mys,2
mysr,3
mytsw,21
myw,1
mywal,2
mywnyk,1
myz,3
myzan,18
myzany,1
myzt,2
mz3j,1
mza3m,1
mzad,3
mzahr,2
mzaj,1
mzar3,1
mzawl,3
mzawlt,1
mzaya,6
mzayd,2
mzdhr,1
mzm3,7
mzr3,1
mzrw3,2
mzwd,3
mzyd,16
mzyda,5
mzyj,2
n3lm,1
n3ln,1
n3ml,1
n3tad,1
n3tbr,3
n3tqd,1
n3tyhm,1
n3tzm,3
n3ym,6
n3ym",,1
n7awl,2
n7fz,1
n7n,13
n7qq,3
n7rs,1
n7sl,1
n7trm,1
n7u,1
na5b,73
na5ba,2
na7,11
na7yt,4
nab3,1
nad,106
nad",,2
nadr,2
nady,1
nadya,1
naf,1
nafi,1
nafit,1
nafst,1
nafya,3
nahd,1
naj,2
naj3,2
naj7,8
nal,1
nam,3
naml,4
naql,11
naqw,1
nar,4
nas,8
nasr,42
"nasr,2
nat,1
natj,30
natw,3
naw5,8
nawd,1
nawt,1
nayf,4
nayl,2
nba,1
nbi,2
nbyl,6
nd3m,2
nda,2
ndal,2
ndrk,2
ndtl3,1
ndtr,1
ndw,4
ndyf,1
nf3,1
nf3a,1
nf3l,1
nfa,1
nfai,1
nfd,1
nfit,1
nfk,1
nfq,1
nft,62
nft7,1
nftkr,1
nfty,1
nfwi,1
nfwr,1
nfwz,3
ngadr,1
ngfl,3
ngy,1
nha5,39
nha5y,14
nha5ya,4
nhayt,1
nhd,6
nhj,4
nhr,1
nhwd,8
nhy,2
nikr,1
niyr,2
nj7,16
"nj7,1
nj7t,3
nj7wa,2
nja3,2
nja7,19
nja7a,2
njad,2
njar,4
njdd,1
njhz,1
njl,1
njm,7
njmt,1
njt,1
njthd,1
njwm,28
njyb,2
njyf,1
nkb,5
nl3b,1
nlb,1
nlms,1
nma,1
"nma,1
nmaij,3
nmlk,3
nmsa,5
nmsaw,6
nmt,4
nmtlk,1
nmw,83
nmwa,38
nmwij,2
nmwl,1
nnfq,1
nnsa,1
nntzr,2
nnzr,2
nokd,2
nomn,1
nqad,1
nqat,31
nqaw,6
nqbl,1
nqd,28
nqdm,2
nqdya,1
nqf,3
nql,25
nqlt,5
nqs,2
nqt,64
nqwl,2
nqwla,1
nqwm,4
nr7b,2
nra,8
nrd,1
nrfz,1
nrgb,1
nrkz,3
nrqa,1
nryd,1
nryd",,1
ns3a,2
nsa,1
nsa3d,1
nsa57,2
nsa5m,3
nsahm,2
nsb,81
nsba,1
nsbt,31
nsbya,2
nsf,48
nsfhm,1
nshm,1
nsj,1
nsk,7
nskt,2
nsm,1
nsm7,1
nsn3,1
nsq,1
nsr,18
nsra,1
nst3ml,1
nstb3d,1
nstfd,1
nstkdm,1
nsws,1
nsy,1
nsy7,1
nsyb,8
nsym,1
nt7du,1
nt7sb,1
nta5j,32
nta5jhma,1
ntaq,8
ntas3,1
ntj,3
ntlq,1
ntm7,2
ntmna,1
ntmt3,2
ntqat,1
ntrkhm,1
nttl3,2
nttrq,1
ntwbu,1
ntwj,1
ntwka,1
ntwq3,8
ntwr,1
ntyj,30
ntyj",,1
ntyjt,2
nuq,1
nw3,32
nw3a,2
nw3r,3
nwa,1
nwa7,6
nwa7y,2
nwab,2
nwad,1
nwaf,3
nwafi,1
nwajh,2
nwarkhm,1
nwasl,2
nwat,24
nwata,4
nwathm,1
nwfmbr,13
nwfr,1
nwhd,2
nwht,2
nwhwa,1
nwm,1
nwnw,1
nwr,14
nwrnbyrg,2
nwrt,2
"nwrt,1
nwru,2
nwruwystrn,1
nwyd,1
nwyna,1
nyab,8
nyanj,2
nyfada,1
nykwla,4
nykwlas,2
nyl,6
nylad,3
nyratzwr,1
nyrwb,1
nyt,3
nywdlh,1
"nywdlh,1
nywwatyl,1
nywywrk,9
"nywywrk,2
nz3,2
nza3,4
nza3a,1
nzaf,1
nzam,25
nzl,1
nzm,5
nzr,16
nzra,29
nzra5,1
nzra5hm,1
nzrthn,1
nzrya,1
nzwa,1
nzyf,12
nzyft",,1
nzyr,19
nzyrt,1
q3d,3
q3qa3,6
q3t,4
"q3t,3
q3thma,1
q7tan,2
qa3,9
qa3d,10
qa5,2
qa5d,14
qa5l,2
qa5la,24
qa5m,44
qa5ma,3
qa5mt,1
qa5ya,1
qab,3
qabd,16
qabl,6
qabws,1
qad,18
qadm,61
qadm",,5
qadma,2
qadr,11
qadt,1
qafkw,6
qahr,12
"qahr,6
qalba,1
qalwa,1
qam,46
"qam,1
qamt,11
qamwa,1
qan,19
qanwn,6
qar,7
qarn,1
qas,2
qasm,8
qatl,2
qatla,1
qba5l,1
qbd,1
qbl,4
qbwl,3
qbyl,2
qbylt,1
qda,8
qda5,5
qdaya,24
qdb,1
qdm,72
qdma,4
qdmt,8
qdmw,2
qdr,77
qdrat,1
qdrathm,1
qdrathn,1
qdrt,11
qdrtna,1
qds,5
qdt,1
qdwm,2
qdwmhm,1
qdym,3
qdyr,4
qdys,1
qfaz,1
qft,1
qfz,9
qiaf,22
ql3,1
qlb,5
qlba,1
qlna,1
qlq,5
qlt,1
qlwb,1
qlwbhm,1
qlyl,10
qlyla,2
qm3,1
qmna,3
qmr,6
qmr",,1
qmt,1
qmthm,1
qmys,1
qna,70
qnaasfr,1
qnbyt,1
qnw,1
qra,5
qrab,3
qrar,51
qrara,4
qrarat,1
qrarna,1
qrat,1
qrb,2
qrba,1
qrbt,1
qrd,14
qrda,1
qrn,13
qrr,13
qrrt,1
qrrwa,1
qrtas,3
qrtb,1
qrwd,14
qrwda,1
qrwdhm,1
qryb,7
qryba,8
qsara,1
qsdyr,1
qsm,22
qsmt,1
qsr,7
qst,2
qsw,1
qswa,3
qswa",,1
qsyr,7
qt3,12
qt3t,2
qta3,195
qta3at,1
qtal,1
qtar,5
qtl,5
qtla,1
qtlhm",,1
qtlt,1
qtr,910
qtr",,11
qtraw,8
qtry,36
qtry",,2
qtrya,6
qtyf,1
qtyl,1
qw3,12
qwa,7
qwa3d,7
qwa5m,1
qwan,5
qwbl,1
qwd,6
qwl,7
qwl",,1
qwm,9
qws,3
qwya,4
qyad,35
qyam,22
qyamhm,1
qyas,11
qyasa,2
qyasya,3
qyd,5
qym,93
qym",,1
qymt,18
"qymt,1
qywd,2
r3a,17
"r3a,2
r3ayt,5
r5as,14
r5ysa,3
r5ysy,2
r5ysya,3
r7b,5
r7bt,1
r7l,18
"r7l,1
r7lat,6
r7lt,1
r7m,2
r7mn,6
r7mt,1
r7yl,13
r7ym,2
ra3,8
ra3a,1
ra3t,1
ra3y,2
ra53,6
ra53a,1
ra5d,14
ra5d",,1
ra5da,4
ra7,8
ra7l,1
raa,4
rab3,42
rab7,2
radfwrd,1
raf,2
rafd,2
rafda,1
raflz,1
rafq,4
rafqt,1
rafytw,2
ragb,2
rahn,7
raj7,2
rajyk,1
rakb,1
ral,16
ral",,1
raly,6
ram,6
raq,2
ras,26
rasa,1
rashm,1
rask,2
rasmal,4
rat,2
ratb,1
rawd,15
rayna,2
rayyfatw,2
rayyftw,2
rb3,59
rb7,24
rba3,2
rbat,3
rbma,7
rbt,5
rbthm,1
rby3,2
rbyb,1
rda,5
rddt,1
rdt,1
rdw,2
rdwd,2
rdwda,1
rdyf,6
rf3,18
"rf3,1
rf3a,1
rf3t,5
rf3wa,1
rfa,1
rfa3,1
rfah,3
rfd,10
"rfd,2
rfdhm,1
rfdt,4
rfdwa,1
rfy3,6
rgb,4
rgbt,6
rgm,15
"rgm,1
rhyb,6
rjal,15
rjant",,1
rjb,3
rjl,4
rka5z,5
rkb,2
rkbt,1
rkl,3
rkn,1
rks,1
rkwd,8
rkwda,2
rkz,1
rman,1
rmd,13
rmy7,1
rmz,1
rmzan,1
rnj,1
rosa,9
rowf,2
rows,3
royt,3
roytna,1
rqab,5
rqabya,1
rqm,18
rqmn,1
rsal,24
"rsal,6
rsd,5
rsdt,2
rsm,27
rsm",,1
rsml,2
rsmy,1
rsmya,15
rst,1
rswka,1
rswl,1
rswm,7
rsyd,12
rsyf,2
rtwb,1
rw3,1
rw7,8
rw7an,3
rwa,3
rwabt,4
rwad,5
rwatb,6
rwatbhm,1
rwbrtw,4
rwby,1
rwd,2
rwdayyga,1
rwdrygyz,1
rwdryjw,1
rwdryjz,1
rwfr,1
rwjr,1
rwm,1
rwma,2
rwnq,1
rws,7
rwsya,7
rwt,3
rwta,1
rwtyn,1
rwtynstwrfyr,1
rww,1
rwwn,1
rwyal,1
rwyd,6
rwyda,1
rwytrz,6
ry3,3
ry7,2
rya7,8
ryad,60
"ryad,3
ryad",,1
ryady,2
ryadya,1
ryal,241
ryal",,2
ryala,14
ryan,2
ryanj,1
ryb,1
ryjns,1
ryjw,1
ryk,3
ryl,8
ryl",,1
rym,2
ryn,1
rynjt,1
rys,3
rytm,1
rytward,1
ryw,1
rzaq,4
rzq,2
s",,3
s3a,2
s3ab,1
s3ad,142
s3adt,23
s3ba,5
s3d,16
s3da,2
s3dt,1
s3r,34
s3t,1
s3wa,1
s3wb,4
s3wd,98
s3wd",,2
s3wda,1
s3ya,2
s3yd,39
s3yna,1
s7b,2
s7bt,3
s7f,40
s7fy,5
s7fya,2
s7m,3
s7r,2
s7wthma,1
s7y7,11
s7yf,6
s7ym,8
sa3,50
sa3",,1
sa3d,5
sa3dt,1
sa3t,2
sa57,1
sa5d,1
sa5l,6
sa5q,11
sa5r,1
sa7,6
sa7b,130
sa7l,1
sa7q,1
sa7r,2
sab3,20
sabah,1
sabh,2
sabqa,9
sabqt,1
sad,18
sadq,8
"sadqt,1
sadr,36
sads,15
sadt,1
saf,17
safw,1
sagt,1
sahm,11
sahmt,11
sahmwa,1
sak,1
sakn,1
saks,2
sal,3
sal7,26
salm,10
salma,2
salzbwrg,1
sam,9
"sam,2
sam7,1
samba,2
samswnj,1
samwyl,1
san,1
san3,4
sand,1
sandra,3
sant,1
santa,1
santandr,1
santw,1
santyagw,1
saq,2
sar,2
sarkwz,3
sarm,2
sarma,1
sarsfyld,1
sas,1
sat,1
sawtwm,2
say7,1
saynz,6
sayr,1
sb3,7
sb7,1
sba,1
sba7a,4
sbah,1
sbaq,29
sbb,6
sbba,1
sbbt,1
sbl,15
sbq,20
sbqhm,1
sbqt,3
sbr,1
sbrnt,1
sbs,2
sbsty,3
sbt,7
sbtmbr,16
sby3,7
sby7,2
sbyan,1
sbyl,9
sd",,1
sdad,3
sdaq,2
sdar,15
sdart,1
sdaw,5
sdd,15
sdd",,1
sdf,1
sdm,1
sdr,10
sdrt,2
sdwr,2
sdyd,2
sdyq,6
sdyqa,1
sf7,1
sfar,1
sfn,2
sfq,86
sfq",,1
sfr,11
sfr",,1
sfra,4
sft,1
sfw,1
sfwf,10
sfwfhma,1
sfy,2
sfyn,2
sfyr,11
sfyra,6
sfyralayran,1
sgar,2
sgyr,11
shl,8
shla,1
shm,64
shm",,1
shma,8
shwl,1
shywn,1
sjl,49
"sjl,3
sjlhma,2
sjlt,21
sjlwa,1
skan,1
skb,1
skk,6
skn,27
sknhm,1
sknya,1
skr,2
skwk,9
skyb,1
sl3,13
sla,2
sla7,4
sla7na,1
sla7y,1
slab,1
slal,32
slam,46
slam",,1
slamt,2
slb,20
slba,4
slby,3
slbya,4
slm,18
slmt,1
slna,2
sls,1
slsl,3
slt,39
"slt,2
sltk,2
sltn,11
slwa,3
slwfakya,1
slwfyn,2
slwfynya,2
slwk,2
slwka,1
slwky,2
slyb,1
slyba,1
slym,12
slyt,7
sm3,1
sm3wa,1
sma7,3
smam,1
smart,5
smasr,3
smat,1
smbdwrya,1
smk,6
smsr,2
smw,313
smwd,2
smwhma,4
smyr,2
smyu,4
sn3,4
sn3a,1
sn3ln,1
sn3ml,1
sn3tmd,1
sn3wa,1
sn7awl,1
sn7dr,1
sna3,128
snadyq,7
snd,6
sndrs,2
sndwq,42
sndwqa,1
snf,1
sngafwr,4
"sngafwr,1
sngal,4
snjd,1
snjwr,1
snlgy,1
snnh,1
snqwm,1
sns3a,1
snt,5
snta,1
sntmsk,1
sntr,4
sntr7,1
snwahd,1
snwr,1
snws,2
snwya,15
snwya",,1
sny3,2
snzl,1
soal,3
sqf,7
sql",,1
sqr,1
sqt,1
sqtt,2
sqwr,2
sqwt,4
sr3,7
sr7,9
sra3,3
sralmsa3d,1
srb,7
srf,6
srk,1
srkal,1
srwr,1
srwrna,1
sry3,14
sry3a,5
st3ln,2
st3ml,2
st3qb,1
st3qd,3
st3zz,1
st7awl,1
st7qq,1
st7sl,1
st7sm,1
stad,4
stam,2
standrd,1
star,3
stark,1
stbda,4
stdm,1
stdrb,1
stdtr,1
stfqd,1
stft7,1
stfwq,1
stj3l,2
stjm3,1
stjra,2
stk,31
stmknna,1
stmul,1
stndm,1
stnj7,1
stnth,1
stntlq,3
stqam,6
stqdm,3
stqwdna,1
stqwm,7
str,1
strsl,2
strywkw,1
sts3a,1
sts7b,1
sts7r,1
stsa3d,1
stshm,3
ststkdm,1
ststmr,1
ststmt3,1
stsyr,1
sttbq,1
sttbqa,1
sttbr3,1
sttjm3,1
sttlb,1
sttm,1
sttnafs,1
sttqada,1
sttr7,1
sttwla,2
stwark,1
stwasl,2
stwd7,1
stwfr,1
stwhd,2
stwkl,2
stwml,2
stwr,1
stwrd,2
styf,2
styl,16
stylrz,1
stzl,3
swa,48
swa",,2
swa3d,1
swa5l,3
swaryz,3
swayjr,1
swazyland,1
swazyland",,1
swb,10
swbr,1
swd,36
swda,2
swdan,20
swdany,1
swf,36
swl,9
swla,2
swlym,1
swmal,9
swmal",,1
swmaly,1
swq,109
swq",,1
swr,31
swraltikar,2
swrt,3
swry,1
swrya,24
swt,4
swta,1
swyd,3
swys,1
swysr,9
swysra,2
swza,8
sy3ln,1
sy3ml,6
sy3mq,1
sy3qd,3
sy3rd,2
sy3tmd,1
sy3wd,3
sy5,1
sy7al,1
sy7awl,5
sy7l,1
sy7rs,1
sy7sl,1
sy7za,1
sya7,28
syad,3
syag,2
syan,6
syaq,9
syar,32
syas,54
syasat,1
syast,2
syasya,1
syb,1
syba,1
sybawr,1
sybda,3
syblg,1
syd,159
syd3,1
syd3m,1
sydaf,1
sydf3,1
sydka,2
sydkl,2
sydtl3,1
sydyr,1
syf,19
syfa,1
syfa",,1
syfyd,1
sygyb,2
syihl,1
syj3l,2
syjbr,1
syjm3,2
syjr,1
syjra,2
syk,32
sykdm,1
sykfd,1
sykfl,1
syktf,1
sykwd,8
sykwn,1
syl,14
syl3b,5
syl7q,1
sylas,15
sylaw,2
sylfstr,1
sylfyw,2
sylja,1
sylq,1
sylt7q,1
syltq,1
sylyk,2
sylysaw,1
syma,2
symkn,1
symn7,1
symul,2
symwnd,4
symyz,1
syn,21
syn",,1
syn3ks,4
synaqw,1
syndm,2
synfi,1
synh,1
synj7,1
synma,1
synsbr,1
synth,1
syntj,1
syntlq,1
syntql,1
syntzm,1
syod,5
syour,1
syqabl,1
syqam,7
syqd,1
syqdm,4
syqwd,1
syqwm,8
syr,2
syr7l,1
syra,1
syraqb,1
syrb7,1
syrf,7
syrf3,2
syrkz,2
syry7,1
sys3d,1
sysahm,2
sysbb,1
syshm,1
syskw,1
syslm,1
syslt,1
sysm7,2
systkdm,2
systmr,3
systmt3,1
systqbl,1
syt,5
syt3aml,1
syt7dd,1
syt7du,1
sytab3,1
sytahl,2
sytdfq,1
sytlq,1
sytm,31
sytr,1
sytrt,2
sytwasl,1
syty7,2
sywaj,2
sywark,2
sywd3,1
sywdad,1
sywfr,1
sywhd,1
sywkl,1
sywl,5
sywrf,2
sywrland,1
syzar,1
syzl,2
syzyd,1
t3a,108
t3a",,1
t3adl,29
t3af,5
t3alj,2
t3alym,1
t3aml,37
t3an,3
t3any,1
t3aqd,15
t3aqdna,1
t3atf,1
t3awn,3
t3awna,2
t3ayw,1
t3az,3
t3br,2
t3byr,5
t3d,18
t3ddt,1
t3dyl,7
t3hd,2
t3hdt,1
t3jl,1
t3jyz,1
t3ks,3
t3lm,1
t3lym,82
t3lym",,1
t3lyma,1
t3lyq,3
t3ma,1
t3md,1
t3ml,17
t3mym,1
t3myq,2
t3myr,1
t3n,3
t3na,2
t3nt,1
t3qd,1
t3rd,11
"t3rd,1
t3rdt,1
t3rf,5
t3ryf,4
t3sf,1
t3t,1
t3tbr,18
t3tmd,1
t3tqd,1
t3trd,1
t3trf,1
t3tzm,5
t3ur,2
t3wd,6
"t3wd,1
t3wmt,1
t3wyd,4
t3wydhma,1
t3wym,1
t3y,5
t3yd,1
t3yw,2
t3yyn,1
t3z,1
t3zym,1
t3zyz,35
t3zyz",,1
t3zz,5
t7afz,1
t7ak,1
t7alf,4
t7alyl,3
t7aq,1
t7awl,1
t7ayl,1
t7d,7
t7dd,1
t7du,9
t7dut,3
t7dy,17
t7dya,2
t7dyd,9
t7dyda,5
t7dyr,10
t7dyrat,1
t7dyrya,1
t7dyu,2
t7fl,1
t7fyz,2
t7iyr,1
t7iyra,1
t7km,2
t7kmt,2
t7kym,3
t7l,2
t7ll,2
t7lyl,7
t7m,1
t7ml,8
t7ms,1
t7myl,1
t7mylhm,1
t7q,2
t7qq,21
t7qqt,1
t7qyq,75
t7r,1
t7rk,11
t7rr,1
t7rs,2
t7ryk,6
t7ryr,12
t7s,15
t7sb,1
t7sba,1
t7sm,2
t7sn,13
t7sna,4
t7syl,2
t7t,31
t7t",,1
t7taj,9
t7tdn,3
t7tl,7
t7tw,2
t7tym,2
t7wl,18
t7wla,1
t7wlt,2
t7wyl,15
t7y,1
t7za,6
ta5r,27
ta5rt,1
tab3,23
tabq,1
tad,1
tahl,15
"tahl,2
tahr,1
tahyl,8
tahylya,1
tajkst,1
tajyk,1
tajykst,1
tajyl,1
tajyr,2
takd,5
takdt,1
takdwa,1
takr,2
takyd,10
"takyda,1
takydhm,2
tal,5
talb,22
talba,1
talq,6
talqt,1
talt,3
tam,33
tamr,1
tamyn,1
taq,63
taqm,5
taqt,4
taqtna,1
tar5,2
tardyll,1
tarq,3
taryk,27
taryka,1
tarykya,3
tas3,14
tass,1
tasst,6
tasys,14
tat,12
taur,4
taurt,3
tauyr,13
tauyra,2
tauyu,1
tawl,1
tawyl,1
tayland,4
taylnd,1
taywan,4
tayyd,2
tazj,1
tb3,3
tb3a,2
tb3at,1
tb3u,1
tb7u,1
tba3a,1
tbadl,21
tbalg,1
tbawr,1
tbd,2
tbda,8
tbdw,1
tbdy,1
tbdyl,2
tbdyla,1
tbil,3
tblg,11
tbn,3
tbnthma,1
tbny,1
tbq,1
tbqa,5
tbqt,1
tbr3,2
tbrhn,1
tbrowa,1
tbryk,1
tbu,1
tbw,1
tby3,57
tby3",,1
td3,2
td3m,2
td3w,1
td3ym,1
tda3f,3
tda3y,3
tdaf,1
tdaha,1
tdahmna,1
tdamn,1
tdawl,48
tdf,1
tdf3,5
tdfq,11
tdhwr,1
tdhwra,1
tdkl,7
tdkm,22
tdkm",,1
tdkr,2
tdlyl,1
tdm,24
tdmn,2
tdmnt,4
tdr,1
tdrb,1
tdrj,1
tdrr,1
tdryb,53
tdryb",,1
tdrybat,7
tdrybhm,3
tdrybya,1
tdryj,2
tdryjya,1
tdryjya",,1
tdrys,2
tdw,5
tdwn,1
tdwr,1
tdwyl,1
tdwyn,1
tdyf,1
tdyr,3
tf3l,1
tf3yl,5
tf3yla,1
tfa3l,1
tfahm,14
tfahma,1
tfaol,6
tfaqm,3
tfarys,1
tfasyl,11
tfawd,1
tfdl,7
"tfdl,5
tfjyr,1
tfkr,1
tfkyr,2
tfkyra,1
tfqd,1
tfr,4
tfrd,4
tfrg,1
tfryg,1
tfryj,1
tfryt,1
tfslna,1
tfsyl,1
tfsyr,2
tft7,1
tftqd,1
tftt7,1
tfwq,5
tfwqt,2
tfyd,3
tfyf,3
tfyfa,4
tgi,1
tglb,3
tgt,5
tgy,1
tgyb,1
tgyr,8
tgyrt,1
tgyyr,22
tham,1
than,8
thb,1
thd5,1
thdd,3
thdf,5
thdr,1
thdyd,4
thdyf,2
thjm,1
thm,4
thn5,1
thr,2
thtm,3
thw,4
thwr,1
thy5,5
tiakr,4
tiakralt,1
tikar,2
tilyl,1
tj3l,3
tj3lna,1
tja,5
tjah,1
tjahl,2
tjar,147
tjara,1
tjarb,5
tjary,2
tjarya,3
tjawz,7
tjawzt,4
tjbr,1
tjd,1
tjdd,1
tjdr,2
tjdyd,3
tjhyz,6
tjm3,10
tjm3hma,1
tjmd,2
tjmy3,1
tjmyd,2
tjmyl,1
tjnb,7
tjnyd,1
tjr,1
"tjr3,1
tjra,1
tjrb,18
tjrbt,4
tjryb,3
tjrybya,2
tjsd,1
tjsyda,1
tjwal,1
tjwl,1
tjwlwa,1
tjz5,6
tjz5",,1
tkafl,2
tkafo,1
tkalyf,4
tkaml,7
tkamla,1
tkarj,1
tkatf,1
tkd3,1
tkdm,3
tkf,1
tkfl,3
tkfyd,3
tkfyf,5
tkhn,3
tkl,2
tkla,1
tklf,7
tkls,2
tklw,1
tkly,1
tklyf,2
tkml,1
tkmn,2
tkmyl,1
tkn,3
tknwlwj,1
tknwlwjy,1
tknwlwjya,19
tknwlwya,1
tkrj,1
tkrjwa,1
tkrr,1
tkryb,1
tkryj,1
tkrym,5
tkryma,3
tks,2
tksas,2
tksb,1
tksr,1
tkss,8
tkssathm,1
tksys,1
tkt,3
tkta,2
tktl,1
tktlf,2
tktm,1
tktml,2
tktt,4
tkttm,1
tktw,1
tktyk,5
tktyt,22
tkw,2
tkwd,4
tkwf,1
tkyyf,1
tkz,1
tl3b,8
tla,9
tla7m,1
tla7qa,1
tlab,13
tlal,2
tlaw,1
tlawt,1
tlazm,1
tlb,77
tlba,6
tlba",,1
tlbt,3
tlbwa,1
tlf,1
tlfy,1
tlja,1
tlq,3
tlqa,17
tlqt,1
tlsq,1
tlt,1
tltq,1
tltzm,3
tlw,2
tlw7,1
tlwu,2
tly,3
tly3,1
tlyfzy,4
tlyq,3
tmam,4
tmama,10
tman,1
tmars,1
tmaskt,1
tmawya,2
tmd,1
tmdyd,2
tmhyd,2
tmhyda,2
tmk,3
tmkn,6
tmkna,1
tmknhm,1
tmknt,8
tmknwa,2
tmkynhm,1
tmkynna,1
tmlk,7
tmn,1
tmn3,1
tmna,2
tmnyat,3
tmr,3
tmryr,3
tmskt,1
tmt,10
tmt3,1
tmtd,5
tmtlk,7
tmul,20
tmult,1
tmw,5
tmw7,16
tmw7a,1
tmw7at,1
tmw7athma,1
tmw7na,1
tmwl,1
tmwyl,45
tmwyn,4
tmyl,1
tmym,36
tmyz,6
tmyzt,1
tn3qd,1
tn7,1
tn7az,1
tn7yt,1
tna,4
tna",,1
tnafs,9
tnagma,1
tnahz,1
tnal,1
tnam,2
tnaqlt,1
tnaqw,1
"tnaqw,1
tnawl,1
tnawlt,2
tnazl,4
tnb,1
tnbo,4
tndrj,1
tnfi,3
tnfq,7
tnfyi,83
tnfyi",,1
tnfyiya,1
tnj,1
tnjz,1
tnkfd,2
tnkmw,1
tnm,76
tnmw,12
tnmyt,4
tnqd,1
tnql,1
tnqs,1
tnqyb,1
tns,2
tnsjm,1
tnsyq,20
tnt,1
tntaw,5
tntbq,1
tnth,5
tnthj,1
tntj,2
tntlq,9
tntql,1
tntw,1
tntwr,1
tntzr,5
tnw3,6
tnw3t,1
tnwd,1
tnwt,1
tnwy3,12
tnwyt,4
tnzlq,1
tnzm,6
tnzr,1
tnzym,38
tnzymhm,1
tod,4
tohl,3
tojr,1
tokd,3
tomn,1
toss,1
tour,1
toyd,1
tq3,2
tqa,4
tqa3d,1
tqalyd,2
tqam,5
tqarb,1
tqaryr,10
tqasm,1
tqat,2
tqat3,1
tqbl,2
tqd,1
tqdm,34
tqdma,1
tqdmt,1
tqdr,7
tqdym,23
tqdyr,20
tqdyra,4
tqdyrhm,1
tqf,2
tql,2
tqlb,2
tqll,2
tqlyd,6
tqlyda,1
tqlyl,6
tqn,5
tqny,3
tqrr,2
tqryba,14
tqryr,57
tqryra,1
tqryrna,1
tqs,1
tqsym,1
tqsyr,1
tqt,1
tqt3,2
tqtsr,1
tqtt,1
tqtyr,3
tqtyr",,1
tqwd,2
tqwl,2
tqwm,20
tqwym,1
tqya,1
tqyym,18
"tr,1
tr3a,2
tr7,11
tr7t,4
tr7yb,2
tr7yba,1
tra,7
trab,1
trabls,3
trabt,2
trad,1
trafkw,1
trafq,1
traj3,37
traj3a,9
traj3t,7
trakys,6
tras,4
trast,1
trau,4
traw7t,4
trawy7,1
traz,3
trb,11
trba,1
trbt,7
trbw,5
trd,7
trdd,1
trf,12
trf3,2
trfa,1
trfyh,2
trgb,3
trhl,1
trj3,2
trjm,1
"trjm,1
trjy7,1
trk,12
trkya,3
trkyb,3
trkys,1
trkyz,19
trkyzna,2
trkz,7
trm,2
tros,1
trq,19
trsk,1
trsyk,2
trsyt,1
trtbt,2
trtf3,2
trtkz,4
trtq,3
trtyb,16
trw7,3
trwdw,1
trwfwada,1
trwksl,2
trwsy,2
trwy7,3
trwyj,3
tryd,4
tryda",,1
tryly,6
trylywn,2
tryml,1
tryndad,1
trynydad,1
tryq,37
tryswr,1
tryw,2
ts3,7
ts3a,16
ts3yd,2
ts3yny,1
ts3yr,4
ts3yrt,1
ts7y7,2
tsa3d,10
tsa7b,2
tsabq,1
tsabqa,1
tsahm,4
tsal,1
tsamym,1
tsamymhm,1
tsand,1
tsaol,1
tsar3,2
tsb,1
tsb7,3
tsbb,6
"tsbb,1
tsbbt,2
tsbq,1
tsd,2
tsd3,1
tsdr,16
tsdrt,3
tsdyd,1
tsdydhma,1
tsdyr,14
tsf,1
tsfr,2
tsfy,27
tshm,3
tshyl,5
tshylat,1
tsjl,3
tsjyl,21
tsjyla,1
tskyr,2
tsl,23
tsll,3
tslm,21
tslmhm,1
tslmt,1
"tslmt,1
tsly7,4
tslym,4
tslyt,2
tsm7,2
tsmm,1
tsmym,9
tsny3,6
tsnyf,9
tsrb,1
tsrf,11
tsrfat,1
tsry3,3
tsry7,31
tsry7at,2
tst3d,2
"tst3d,1
tst7wi,1
tstb3d,1
tstdyf,6
"tstdyf,1
tstfyd,2
tstgl,1
tstgrq,2
tsthdf,2
tsthl,2
tstjyb,1
tstkdm,1
tstmd,1
tstmr,6
tstnfd,1
tstqbl,1
tstqtb,1
tstqym,1
tstt3,1
tstty3,3
tstw3b,1
tsw,1
tswd,2
tswq,4
tswwyma,1
tswyq,4
tswyr,6
tswyt,4
tsyr,6
tsyyr,3
tt3aml,1
tt3da,1
tt3lq,7
tt3rd,1
tt7km,1
tt7ml,1
ttab3,1
ttakr,2
ttalb,1
ttalf,2
ttb3,3
ttbna,1
ttbwa,1
ttbyq,21
ttda3f,1
ttdkm,1
ttdmn,5
ttfada,1
ttfawt,1
ttfq,2
ttgada,1
ttgyr,1
ttj,7
"ttj,1
ttjawz,2
ttk,1
ttkaml,1
ttki,1
ttkll,1
ttkwf,1
ttl,1
ttl3,3
ttl3athm,1
ttlb,2
ttlq,3
ttmawa,1
ttmt3,8
ttmul,6
ttmyz,7
ttnasb,1
ttqdm,2
ttr7,1
ttraj3,2
ttraw7,2
ttrdd,1
ttrkz,2
ttrq,8
ttrqb,1
tts3,1
ttsl,6
ttslm,2
ttsm,2
ttsrf,1
tttl3,5
tttlb,2
ttwajd,1
ttwakb,1
ttwark,1
"ttwasl,1
ttwfr,2
ttwla,5
ttwq3,6
ttwqf,2
ttwr,37
ttwra,2
ttwyj,5
ttwyr,55
ttwyyj,1
ttwz3,1
tty7,4
ttzayd,1
tuqyf,1
tuyr,1
tw3,2
tw7yd,7
twa,1
twad,2
twafq,5
twafr,2
twafrt,3
twaj,7
twajd,9
twajdwa,1
twajh,2
twakb,2
twal,16
twar,2
twar5,1
twark,4
twarq,2
twartrd,1
twaryk,1
twasl,12
"twaslt,1
twat,1
twawr,2
twazn,6
twb,1
twbajw,1
twd3,2
twd7,1
twdy7,2
twfr,8
twfyq,8
twfyr,19
twgl,3
twgyl,19
twgyl",,1
twhd,30
twj,19
"twj,1
twjd,3
twjh,4
twjht,3
twjy3,9
twjyh,10
twjyhat,1
twkyl,20
twkylta,1
"twkyw,3
twl,6
twla,6
twls,1
twlt,2
twly,1
twlyd,2
twmas,1
twml,5
twn,4
twns,9
twq3,29
twq3at,4
twq3t,7
"twq3t,1
twq3wa,1
twqf,8
twqy3,20
twqyt,5
twr,1
twrk,1
twrstn,1
twrt,1
twrthma,1
twry3,9
twrys,2
tws,5
tws3,25
tws3a,2
twsl,8
twslt,1
twsy,2
twsy3,6
twsyat,2
twsyl,2
twt,1
twtal,2
twtby,1
twtr,1
twtrk,1
twtyd,2
twuyq,1
twwka,2
twyjr,1
twyl,21
twyla,1
twyr,5
twywta,1
twyyd,3
twzy3,10
twzyf,13
twzyfhm,1
tyar,2
tyar",,1
tyara,1
tyb,8
tyba,1
tyd,1
tyl,1
tylykwm,4
tymw,1
tymwu,1
tyn,4
tyr,14
tysyr,4
tytwrynkw,1
tywr,1
tzahr,5
tzahrathm,1
tzal,1
tzam,10
tzama,1
tzamat,1
tzamhm,1
tzamn,3
tzamna,4
"tzamna,1
tzayd,9
tzayda,2
tzaydt,1
tzhr,3
tzkr,1
tzl,2
tzwyd,4
tzwydhm,2
tzyd,6
uabatyrw,2
uabt,10
ualu,77
ualua,4
ualua",,1
uamn,14
uamr,1
uanw,4
uanya,5
uanyhma,1
uanyt,1
uaqb,1
ubt,2
ubtt,1
ulaua,13
uman,10
umany,1
umar,3
umn,8
umna,2
umr,3
umyn,5
umyna,1
una5,22
unaya,10
uqaf,15
uqafthm,1
uql,1
uqt,3
uqyl,6
urw,20
uwar,18
uwar",,1
uwng,1
uwr,20
uwrt,1
uyq,1
w3ar,4
w3b,49
w3b",,1
w3ba,5
w3d,1
w3dwa,1
w3l,1
w3n,12
w3rt,1
w3wb,7
w3wra,1
w7an,7
w7d,8
w7dt,1
w7l,3
w7n,11
w7u,1
w7yd,9
wa3d,3
wa7d,6
wab,4
wad,3
wad7,2
wafd,4
wafd",,1
wafq,1
wagl,1
wahd,3
wajb,1
wajhthm,1
wakr,4
walasmd,1
walk,2
wam,6
wamk,1
waml,10
wamla,2
wamwska,7
wan,19
wan",,2
wanhm,1
waq3,9
war3,13
ward,10
wark,10
warkt,3
waryw,1
was,1
was3,6
was3t,1
wasl,1
waslt,1
watr,1
wauq,2
waw,1
wawntn,1
wbab,44
wbab",,1
wbabna,3
wbak,5
wban,2
wbd,1
wbht,1
wbk,9
wbkathm,1
wbl,1
wbn,1
wd3,34
"wd3,1
wda53,1
wdd,8
"wdd,1
wddt,1
wddwa,1
wdm,1
wdq,1
wdw7,1
wdwd,1
wdyd,9
wdyd",,1
wfa,2
wfa5,1
wfaf,2
wfd,37
wfh,1
wfq,8
wfqa,6
wfr,1
wfw,1
wfwd,3
wfyq,1
wfyr,1
wgf,1
wgfa,1
wgfhm,1
wgl,2
wglna,1
whab,2
whad,8
whd,31
"whd,1
whda,2
whdt,28
"whdt,1
whr,131
whra,8
whraljar,1
whwr,2
whyr,3
wj",,1
wja,21
wja3a,1
wjb,8
wjd,1
wjh,1
wjr,2
wjw,1
wjwd,3
wkal,3
wkawa,2
wkl,5
wkla,2
wklt,3
wkr,51
wkraw,1
wkrhm,1
wks,16
wksy,8
wksya,3
wksyt,1
wkwk,1
wkyr,2
wla,2
wlay,16
wld,2
wlfgang,1
wln,6
wlyd,4
wm3,8
wmal,46
wml,4
wmlt,7
wmlthm,1
wmnywm,1
wmr,7
wmran,1
wms,3
wnb,2
wnt,3
wq3,7
wq3a,1
wq7,1
wqa,1
wqa5,1
wqa53",,1
wqq,4
wqra,1
wqwd,11
wqwf,12
wqwfhm,1
wqyq,38
wqyq",,1
wqyqat,1
wr3,4
wr3t,2
wr7,5
wr7t,1
wra,24
wra5,6
wra57,3
wrak,28
wrd,1
wrf,3
wrk,384
wrk",,1
wrka,10
wrka5",,1
wrka5hm,1
wrkt,9
wrld,1
wrldwayd,1
wrq,47
wrs,2
wrt,3
wrw,1
wrwt,5
wrwta,1
wrwyl,1
wry3,4
wryd,1
wryf,15
wryf",,1
wryk,4
wryka,3
wrykna,1
wsa5l,5
wsa5t,1
wsam,1
wsat,10
wsf,11
wsft,1
wsl,18
"wsl,2
wslt,1
wsm,1
wst,32
wst",,1
wswl,19
wsyf,1
wsyl,1
wsyt,1
wta,3
wtm,15
wtn,123
"wtn,5
wtny,1
wtw,4
wtyd,3
wtykl,1
wtylk,2
wuyq,2
wwa5j,1
wwar3,3
wwar3",,1
wwhd,1
wwn,2
wwra,6
wwt,61
wwta,7
wwybl,1
wwyk,1
wy5a,3
wy7an,3
wyb,12
wyft,1
wyk,249
wyl,2
wyrat,7
wywk,9
wza5f,1
wzar,17
wzl,2
wzn,1
wzr,1
wzra,79
wzyf,6
wzyr,7
y3ab,1
y3ad,1
y3adl,7
y3alj,3
y3an,2
y3br,1
y3d,24
y3ks,10
y3lm,1
y3ln,3
y3ml,11
y3n,6
y3na,1
y3nyt,1
y3qd,5
"y3qd,1
y3qwb,2
y3rd,2
y3rf,3
y3t,1
y3tbr,17
y3tbrwn,1
y3tmd,2
y3tqd,1
y3trf,1
y3tzl,1
y3wd,11
y3wl,1
y3yq,1
y3yw,7
y3za,1
y3zz,4
y7afz,2
y7alf,2
y7awl,1
y7dd,1
y7dr,3
y7du,4
y7fz,3
y7l,1
y7ml,6
y7mlwa,1
y7qq,10
y7sl,9
y7sm,4
y7sn,2
y7taj,17
y7tdn,1
y7tfz,2
y7tl,11
y7tm,1
y7trm,1
y7tsb,1
y7tw,2
y7twy,1
y7y,2
y7ya,1
y7z,2
y7za,3
y7zy,1
y7zya,1
yab,3
yaban,2
yaban",,1
yahw,2
yaki,2
yaml,2
yasr,4
yat,22
yb3u,1
yb7u,9
ybad,1
ybark,1
ybawr,1
ybda,8
"ybda,1
ybdl,1
ybdw,2
ybil,2
yblg,24
yblgwa,1
ybqa,2
ybrhn,2
ybwr,1
yby3,2
ybya,3
yd3,4
yd3m,7
yd3w,1
ydah,1
ydf,1
ydf3,4
ydfa3,1
ydgt,1
ydkl,9
"ydkl,3
ydl,3
ydm,9
ydman,1
ydmn,5
ydrk,3
ydwn,1
ydwr,2
ydwrdakl,1
ydyf,1
ydyr,2
yf3l,2
yf7s,1
yfadl,1
yfaj5,1
yfawd,1
yfd,1
yfkr,1
yfrd,5
yfrt,1
yft7,6
"yft7,1
yftqd,1
yftrd,2
yftt7,2
yfwq,1
ygadr,2
ygi,1
yglb,1
ygmd,2
ygr,1
ygrd,1
ygyb,2
ygyr,1
ygzw,1
yha,15
yhajm,1
yhdd,2
yhdf,8
yhma,1
yhmn,1
yhr,1
yhtm,3
yihb,1
yihbn,1
yikr,15
yj3l,17
yj3lna,2
yjb,16
yjd,5
yjm3,2
yjm3hma,1
yjnb,1
yjnd,1
yjr,5
yjra,1
yjthd,1
yjtm3,1
yjwz,2
yjyd,3
ykalf,1
ykatb,1
ykd3,1
ykdm,4
ykf,2
ykfl,3
ykfyna,1
yklf,1
yklq,2
ykml,1
ykn,5
"ykn,2
ykrj,2
yks,1
yksandr,1
ykss,1
yktar,1
yktf,1
yktlf,1
yktml,1
yktrq,1
yktt,2
ykttm,1
ykwd,12
ykwf,2
yl3b,12
yla7z,5
ylb,2
ylqy,1
ylt7q,2
ylt7qwa,2
yltq,6
yltqy,1
yltzm,2
ylu,1
yly,1
ylzm,1
ymars,2
ymbl,1
ymhd,1
ymknhm,2
ymknna,4
ymlk,6
ymn,20
ymn3,1
ymn7,3
ymn7na,1
ymr,3
ymtd,4
ymtlk,4
ymtn3,1
ymul,13
ymwt,1
ymyl,3
ymyz,1
yn3ks,3
ynaqw,1
ynayr,17
ynbg,4
ynbi,1
yndm,1
yndrj,1
ynfi,4
ynfiwa,1
ynfjr,1
ynfk,1
ynfq,1
ynfrd,1
"ynh,1
ynkanw,1
ynkmw,1
ynm,1
ynmw,3
"ynql,1
ynqsna,1
ynqt3,1
ynsb,1
ynsj,1
yntbq,2
ynth,1
yntj,1
yntlq,1
yntzr,7
ynwgl,1
ynwr,1
ynzfwn,1
ynzm,5
ynzr,1
yod,5
"yod,1
yohl,2
yohlna,2
yokd,4
your,4
yowr,1
yq3,3
yqam,9
yqarb,7
yqas,1
yqbl,2
yqd,3
yqdm,13
yqdr,4
yqf,2
yql,4
yqll,1
yqn3,1
yqra,1
yqrr,1
yqsr,1
yqtrb,4
yqtsr,2
yqw,1
yqwd,6
yqwl,4
yqwm,22
yqym,6
yqys,1
yqz,1
yr7l,1
yra,5
yrafq,4
yrafqhma,1
yrahn,2
yram,1
yraqb,2
yras,2
yrawr,1
yrbt,2
yrbthm,1
yrd,2
yrdd,1
yrf3,5
yrgb,3
yrj3,1
yrkn,1
yrkz,1
yrm,1
yrmwk,1
yrtf3,7
yrtq,1
yryd,7
ys3,1
ys3a,20
"ys3a,1
ys3b,1
ys3dna,2
ys3y,1
ysa3d,5
ysa3dhn,1
ysadf,1
ysahm,3
ysahmwa,1
ysand,1
ysar,1
ysara,1
ysb,1
ysb7,3
ysb7wa,2
ysbq,1
ysbw,1
ysdq,1
ysdr,1
ysfr,1
yshl,1
yshm,5
ysjl,5
ysl,9
ysm7,6
ysmd,1
ysn3,1
ysra,1
ysrna,1
ysrq,1
yst3d,2
yst3yd,4
yst7qwn,2
yst7wi,1
ystb3d,1
ystd3,1
ystdyf,11
ystfad,1
ystgl,2
ystgrq,1
ysthdf,4
ysthl,1
ystkdm,3
ystkml,2
ystmr,11
ystqr,1
ystt3,1
ystty3,2
ystumr,2
ystw3b,1
ystwjb,2
yswd,1
ysyr,1
ysytr,2
yt3,1
yt3afa,2
yt3aml,3
yt3da,1
yt3lm,1
yt3lq,17
yt3rd,5
yt3rdwa,1
yt7du,3
yt7dwa,1
yt7km,1
yt7lwa,1
yt7ml,2
yt7qq,1
yt7sr,1
yt7wl,1
yt7zm,1
yta7,1
ytab3,1
ytahl,1
ytajl,1
ytalb,2
ytb3,1
ytbqa,1
ytd7,2
ytdmn,12
ytdrb,1
ytdrb",,1
ytdrr,1
ytfnn,1
ytfwq,1
ythdd,1
ythm,2
ytj,1
ytjawb,1
ytjawz,6
ytjla,2
ytjza,1
ytk,1
ytki,3
ytkl,1
ytkla,1
ytkll,1
ytklwa,1
ytkt,1
ytkwf,1
ytlb,2
ytlq,1
ytm,34
ytm7,2
ytmawa,2
ytmkn,7
ytmknwa,1
ytmna,1
ytmt3,10
ytmul,3
ytmyz,7
ytnasb,2
ytnasq,1
ytnawl,2
ytqada,2
ytqasm,1
ytqdm,1
ytr7,2
ytra,2
ytraj3,3
ytras,3
ytraw7,2
ytrb3,1
ytrdd,2
ytrk,1
ytrkwa,1
ytrqb,1
ytrtb,1
ytrw7,1
yts3,1
ytsar3,2
ytsbb,3
ytsdr,3
ytsl,1
ytsm,1
yttl3,2
yttlb,4
ytwafr,1
ytwajd,4
ytwark,1
ytwasl,1
ytwfr,1
ytwj,3
ytwjh,2
ytwjhn,1
ytwkwa,1
ytwla,2
ytwq3,12
"ytwq3,1
ytwqf,3
ytwr,3
yty7,6
ytzamn,1
ytzayd,1
yubt,1
yumn,1
yw3r,3
yw3rwa,1
ywahd,1
ywaj,5
ywajh,1
ywar,5
ywark,13
ywasl,3
ywaslwa,1
ywbh,1
ywd,1
ywd3,1
ywfr,11
ywhd,18
ywj3,4
ywj3wn",,1
ywjd,7
ywjh,1
ywkl,12
ywl,1
ywlyhma,1
ywlyw,24
ywma,5
ywml,1
ywmya,19
ywn,13
ywnan,13
ywnatyd,1
ywnaytd,2
ywnkr,1
ywns,9
ywnyw,9
ywrf,2
ywrfna,1
ywrw,19
ywrw",,1
ywrwgrwb,1
yws3,3
ywsf,13
ywslna,1
ywt,1
ywtml,2
ywtr,1
ywyr,4
yz7fwa,1
yzal,4
yzawl,1
yzdad,1
yzhr,3
yzhrwa,1
yzl,5
yzwr,3
yzyd,9
z3a,1
z3b,2
z3ym,17
z7fwa,1
za5r,4
zad,10
zadt,10
zahr,3
zajl,1
zakr,1
zal,1
zalt,1
zam,1
zar,33
zarat,2
zart,1
zarwa,1
zaw,3
zayd,4
zba5n,2
zbyd,1
zbyr,1
zdjal,1
zfr,6
zhr,21
zhrt,3
zhrwa,2
zhwr,6
zhyr,4
zka,2
zkm,3
zlt,1
zmam,2
zmla,1
zmla5,2
zmla5hm,1
zmn,12
zmna,10
zmwl,1
zmyl,2
zna,1
zra,10
zra3,8
zrwf,7
zwar,2
zwarq,1
zwjt",,1
zyad,64
zyan,4
zyard,1
zyart,7
zyarthm,7
zyf,2
zykw,1
zymbabw,1
zyn,4
zyr,97
zyt,1
zywryk,1
"zywryk,1
zywt,1
